Week,(Intercept),I(year - 2015),s16,s17,s18,s19,s20,s21,s22,s23,sint,cost,RespSeason,sint:as.factor(Respseason)1,as.factor(Respseason)1:cost,Flu_before_Mar_2020,Flu_after_Mar_2020,covid20_21,covid22.v1,covid22.v2
4-Jan-15,1,0.005475702,0,0,0,0,0,0,0,0,0.034398061,0.999408212,0,0,0,0.007,0,0,0,0
11-Jan-15,1,0.024640657,0,0,0,0,0,0,0,0,0.154204048,0.988039023,0,0,0,0,0,0,0,0
18-Jan-15,1,0.043805613,0,0,0,0,0,0,0,0,0.271776738,0.96236033,0,0,0,0,0,0,0,0
25-Jan-15,1,0.062970568,0,0,0,0,0,0,0,0,0.385413359,0.922744029,0,0,0,0.006,0,0,0,0
1-Feb-15,1,0.082135524,0,0,0,0,0,0,0,0,0.493468142,0.869763872,0,0,0,0.006,0,0,0,0
8-Feb-15,1,0.101300479,0,0,0,0,0,0,0,0,0.594376157,0.804187158,0,0,0,0.003,0,0,0,0
15-Feb-15,1,0.120465435,0,0,0,0,0,0,0,0,0.68667598,0.726963615,0,0,0,0,0,0,0,0
22-Feb-15,1,0.13963039,0,0,0,0,0,0,0,0,0.769030859,0.639211653,0,0,0,0.004,0,0,0,0
1-Mar-15,1,0.158795346,0,0,0,0,0,0,0,0,0.84024807,0.542202159,0,0,0,0.01,0,0,0,0
8-Mar-15,1,0.177960301,0,0,0,0,0,0,0,0,0.899296192,0.437340096,0,0,0,0,0,0,0,0
15-Mar-15,1,0.197125257,0,0,0,0,0,0,0,0,0.945320047,0.326144154,0,0,0,0.004,0,0,0,0
22-Mar-15,1,0.216290212,0,0,0,0,0,0,0,0,0.977653084,0.210224752,0,0,0,0,0,0,0,0
29-Mar-15,1,0.235455168,0,0,0,0,0,0,0,0,0.995827034,0.091260722,0,0,0,0,0,0,0,0
5-Apr-15,1,0.254620123,0,0,0,0,0,0,0,0,0.999578686,-0.029025013,0,0,0,0.004,0,0,0,0
12-Apr-15,1,0.273785079,0,0,0,0,0,0,0,0,0.988853706,-0.148890387,1,0.988853706,-0.148890387,0.011,0,0,0,0
19-Apr-15,1,0.292950034,0,0,0,0,0,0,0,0,0.963807423,-0.266599421,1,0.963807423,-0.266599421,0.004,0,0,0,0
26-Apr-15,1,0.31211499,0,0,0,0,0,0,0,0,0.924802574,-0.380447366,1,0.924802574,-0.380447366,0.019,0,0,0,0
3-May-15,1,0.331279945,0,0,0,0,0,0,0,0,0.872404057,-0.488785394,1,0.872404057,-0.488785394,0.007,0,0,0,0
10-May-15,1,0.350444901,0,0,0,0,0,0,0,0,0.807370744,-0.590044474,1,0.807370744,-0.590044474,0.017,0,0,0,0
17-May-15,1,0.369609856,0,0,0,0,0,0,0,0,0.730644497,-0.682758097,1,0.730644497,-0.682758097,0.009,0,0,0,0
24-May-15,1,0.388774812,0,0,0,0,0,0,0,0,0.64333652,-0.765583517,1,0.64333652,-0.765583517,0.014,0,0,0,0
31-May-15,1,0.407939767,0,0,0,0,0,0,0,0,0.546711273,-0.837321195,1,0.546711273,-0.837321195,0.006,0,0,0,0
7-Jun-15,1,0.427104723,0,0,0,0,0,0,0,0,0.442168152,-0.896932174,1,0.442168152,-0.896932174,0.006,0,0,0,0
14-Jun-15,1,0.446269678,0,0,0,0,0,0,0,0,0.331221228,-0.943553124,1,0.331221228,-0.943553124,0,0,0,0,0
21-Jun-15,1,0.465434634,0,0,0,0,0,0,0,0,0.215477315,-0.976508846,1,0.215477315,-0.976508846,0.003,0,0,0,0
28-Jun-15,1,0.484599589,0,0,0,0,0,0,0,0,0.096612702,-0.995322051,1,0.096612702,-0.995322051,0.011,0,0,0,0
5-Jul-15,1,0.503764545,0,0,0,0,0,0,0,0,-0.023651127,-0.999720273,1,-0.023651127,-0.999720273,0,0,0,0,0
12-Jul-15,1,0.5229295,0,0,0,0,0,0,0,0,-0.143572423,-0.989639813,1,-0.143572423,-0.989639813,0.01,0,0,0,0
19-Jul-15,1,0.542094456,0,0,0,0,0,0,0,0,-0.261414399,-0.965226664,1,-0.261414399,-0.965226664,0.026,0,0,0,0
26-Jul-15,1,0.561259411,0,0,0,0,0,0,0,0,-0.375470379,-0.926834394,1,-0.375470379,-0.926834394,0.018,0,0,0,0
2-Aug-15,1,0.580424367,0,0,0,0,0,0,0,0,-0.484088522,-0.87501903,1,-0.484088522,-0.87501903,0.036,0,0,0,0
9-Aug-15,1,0.599589322,0,0,0,0,0,0,0,0,-0.58569574,-0.810530999,1,-0.58569574,-0.810530999,0.033,0,0,0,0
16-Aug-15,1,0.618754278,0,0,0,0,0,0,0,0,-0.678820483,-0.734304264,1,-0.678820483,-0.734304264,0.033,0,0,0,0
23-Aug-15,1,0.637919233,0,0,0,0,0,0,0,0,-0.76211405,-0.647442796,1,-0.76211405,-0.647442796,0.093,0,0,0,0
30-Aug-15,1,0.657084189,0,0,0,0,0,0,0,0,-0.834370124,-0.551204587,1,-0.834370124,-0.551204587,0.095,0,0,0,0
6-Sep-15,1,0.676249144,0,0,0,0,0,0,0,0,-0.894542237,-0.44698343,1,-0.894542237,-0.44698343,0.099,0,0,0,0
13-Sep-15,1,0.6954141,0,0,0,0,0,0,0,0,-0.941758934,-0.33628873,1,-0.941758934,-0.33628873,0.062,0,0,0,0
20-Sep-15,1,0.714579055,0,0,0,0,0,0,0,0,-0.975336388,-0.220723651,1,-0.975336388,-0.220723651,0.055,0,0,0,0
27-Sep-15,1,0.733744011,0,0,0,0,0,0,0,0,-0.994788306,-0.10196189,1,-0.994788306,-0.10196189,0.033,0,0,0,0
4-Oct-15,1,0.752908966,0,0,0,0,0,0,0,0,-0.99983297,0.018276558,1,-0.99983297,0.018276558,0.035,0,0,0,0
11-Oct-15,1,0.772073922,0,0,0,0,0,0,0,0,-0.99039732,0.138250311,1,-0.99039732,0.138250311,0.041,0,0,0,0
18-Oct-15,1,0.791238877,0,0,0,0,0,0,0,0,-0.96661801,0.256221822,1,-0.96661801,0.256221822,0.025,0,0,0,0
25-Oct-15,1,0.810403833,0,0,0,0,0,0,0,0,-0.92883943,0.37048254,1,-0.92883943,0.37048254,0.014,0,0,0,0
1-Nov-15,1,0.829568789,0,0,0,0,0,0,0,0,-0.877608717,0.479377659,1,-0.877608717,0.479377659,0.007,0,0,0,0
8-Nov-15,1,0.848733744,0,0,0,0,0,0,0,0,-0.81366783,0.58133008,1,-0.81366783,0.58133008,0,0,0,0,0
15-Nov-15,1,0.8678987,0,0,0,0,0,0,0,0,-0.73794281,0.674863252,1,-0.73794281,0.674863252,0.007,0,0,0,0
22-Nov-15,1,0.887063655,0,0,0,0,0,0,0,0,-0.651530362,0.75862256,0,0,0,0.005,0,0,0,0
29-Nov-15,1,0.906228611,0,0,0,0,0,0,0,0,-0.555681972,0.83139494,0,0,0,0,0,0,0,0
6-Dec-15,1,0.925393566,0,0,0,0,0,0,0,0,-0.45178579,0.892126448,0,0,0,0,0,0,0,0
13-Dec-15,1,0.944558522,0,0,0,0,0,0,0,0,-0.341346514,0.939937528,0,0,0,0.003,0,0,0,0
20-Dec-15,1,0.963723477,0,0,0,0,0,0,0,0,-0.225963608,0.974135744,0,0,0,0.005,0,0,0,0
27-Dec-15,1,0.982888433,0,0,0,0,0,0,0,0,-0.107308132,0.994225812,0,0,0,0.006,0,0,0,0
3-Jan-16,1,1.002053388,8.65791098563544e-09,0,0,0,0,0,0,0,0.017201575,0.999852042,0,0,0,0.008,0,0,0,0
10-Jan-16,1,1.021218344,9.55288245003533e-06,0,0,0,0,0,0,0,0.137185404,0.990545388,0,0,0,0.004,0,0,0,0
17-Jan-16,1,1.040383299,6.58575222269851e-05,0,0,0,0,0,0,0,0.255182413,0.966892929,0,0,0,0.003,0,0,0,0
24-Jan-16,1,1.059548255,0.000211158,0,0,0,0,0,0,0,0.369483683,0.929237218,0,0,0,0.003,0,0,0,0
31-Jan-16,1,1.07871321,0.000487689,0,0,0,0,0,0,0,0.47843382,0.878123613,0,0,0,0.004,0,0,0,0
7-Feb-16,1,1.097878166,0.000937686,0,0,0,0,0,0,0,0.580454928,0.814292378,0,0,0,0.003,0,0,0,0
14-Feb-16,1,1.117043121,0.001603385,0,0,0,0,0,0,0,0.674069462,0.738667964,0,0,0,0,0,0,0,0
21-Feb-16,1,1.136208077,0.002527019,0,0,0,0,0,0,0,0.757921627,0.652345619,0,0,0,0.008,0,0,0,0
28-Feb-16,1,1.155373032,0.003750826,0,0,0,0,0,0,0,0.830797017,0.556575527,0,0,0,0.006,0,0,0,0
6-Mar-16,1,1.174537988,0.00531704,0,0,0,0,0,0,0,0.891640195,0.4527447,0,0,0,0.003,0,0,0,0
13-Mar-16,1,1.193702943,0.007267895,0,0,0,0,0,0,0,0.939569986,0.342356892,0,0,0,0.008,0,0,0,0
20-Mar-16,1,1.212867899,0.009645628,0,0,0,0,0,0,0,0.973892236,0.227010821,0,0,0,0,0,0,0,0
27-Mar-16,1,1.232032854,0.012492474,0,0,0,0,0,0,0,0.994109865,0.108377013,0,0,0,0.012,0,0,0,0
3-Apr-16,1,1.25119781,0.015850667,0,0,0,0,0,0,0,0.999930066,-0.011826391,0,0,0,0.004,0,0,0,0
10-Apr-16,1,1.270362765,0.019762443,0,0,0,0,0,0,0,0.991268547,-0.131858516,1,0.991268547,-0.131858516,0.007,0,0,0,0
17-Apr-16,1,1.289527721,0.024270038,0,0,0,0,0,0,0,0.96825075,-0.249980969,1,0.96825075,-0.249980969,0.011,0,0,0,0
24-Apr-16,1,1.308692676,0.029415686,0,0,0,0,0,0,0,0.931210036,-0.364483015,1,0.931210036,-0.364483015,0.003,0,0,0,0
1-May-16,1,1.327857632,0.035241622,0,0,0,0,0,0,0,0.880682856,-0.47370635,1,0.880682856,-0.47370635,0.004,0,0,0,0
8-May-16,1,1.347022587,0.041790083,0,0,0,0,0,0,0,0.817400982,-0.576069123,1,0.817400982,-0.576069123,0.01,0,0,0,0
15-May-16,1,1.366187543,0.049103302,0,0,0,0,0,0,0,0.742280907,-0.670088841,1,0.742280907,-0.670088841,0.004,0,0,0,0
22-May-16,1,1.385352498,0.057223516,0,0,0,0,0,0,0,0.656410576,-0.754403841,1,0.656410576,-0.754403841,0,0,0,0,0
29-May-16,1,1.404517454,0.066192959,0,0,0,0,0,0,0,0.561033626,-0.827793012,1,0.561033626,-0.827793012,0.004,0,0,0,0
5-Jun-16,1,1.423682409,0.076053867,0,0,0,0,0,0,0,0.457531376,-0.889193477,1,0.457531376,-0.889193477,0.009,0,0,0,0
12-Jun-16,1,1.442847365,0.086848474,0,0,0,0,0,0,0,0.347402821,-0.937715991,1,0.347402821,-0.937715991,0.003,0,0,0,0
19-Jun-16,1,1.46201232,0.098619017,0,0,0,0,0,0,0,0.232242924,-0.972657815,1,0.232242924,-0.972657815,0,0,0,0,0
26-Jun-16,1,1.481177276,0.111407731,0,0,0,0,0,0,0,0.113719515,-0.993512895,1,0.113719515,-0.993512895,0.011,0,0,0,0
3-Jul-16,1,1.500342231,0.125256849,0,0,0,0,0,0,0,-0.006450864,-0.999979193,1,-0.006450864,-0.999979193,0.003,0,0,0,0
10-Jul-16,1,1.519507187,0.140208609,0,0,0,0,0,0,0,-0.126527817,-0.99196306,1,-0.126527817,-0.99196306,0.014,0,0,0,0
17-Jul-16,1,1.538672142,0.156305244,0,0,0,0,0,0,0,-0.244772301,-0.96958059,1,-0.244772301,-0.96958059,0.013,0,0,0,0
24-Jul-16,1,1.557837098,0.173588991,0,0,0,0,0,0,0,-0.359471813,-0.933155944,1,-0.359471813,-0.933155944,0.02,0,0,0,0
31-Jul-16,1,1.577002053,0.192102084,0,0,0,0,0,0,0,-0.468965191,-0.883216649,1,-0.468965191,-0.883216649,0.044,0,0,0,0
7-Aug-16,1,1.596167009,0.211886759,0,0,0,0,0,0,0,-0.571666671,-0.820485964,1,-0.571666671,-0.820485964,0.06,0,0,0,0
14-Aug-16,1,1.615331964,0.23298525,0,0,0,0,0,0,0,-0.666088856,-0.745872399,1,-0.666088856,-0.745872399,0.071,0,0,0,0
21-Aug-16,1,1.63449692,0.255439794,0,0,0,0,0,0,0,-0.750864253,-0.660456564,1,-0.750864253,-0.660456564,0.085,0,0,0,0
28-Aug-16,1,1.653661875,0.279292624,0,0,0,0,0,0,0,-0.824765084,-0.565475513,1,-0.824765084,-0.565475513,0.103,0,0,0,0
4-Sep-16,1,1.672826831,0.304585978,0,0,0,0,0,0,0,-0.886721063,-0.46230483,1,-0.886721063,-0.46230483,0.108,0,0,0,0
11-Sep-16,1,1.691991786,0.331362089,0,0,0,0,0,0,0,-0.935834897,-0.352438711,1,-0.935834897,-0.352438711,0.116,0,0,0,0
18-Sep-16,1,1.711156742,0.359663192,0,0,0,0,0,0,0,-0.971395285,-0.237468316,1,-0.971395285,-0.237468316,0.107,0,0,0,0
25-Sep-16,1,1.730321697,0.389531524,0,0,0,0,0,0,0,-0.992887214,-0.11905873,1,-0.992887214,-0.11905873,0.073,0,0,0,0
2-Oct-16,1,1.749486653,0.42100932,0,0,0,0,0,0,0,-0.999999422,0.001075151,1,-0.999999422,0.001075151,0.086,0,0,0,0
9-Oct-16,1,1.768651608,0.454138814,0,0,0,0,0,0,0,-0.992628906,0.121193461,1,-0.992628906,0.121193461,0.068,0,0,0,0
16-Oct-16,1,1.787816564,0.488962241,0,0,0,0,0,0,0,-0.97088241,0.239556559,1,-0.97088241,0.239556559,0.044,0,0,0,0
23-Oct-16,1,1.80698152,0.525521838,0,0,0,0,0,0,0,-0.935074884,0.354450223,1,-0.935074884,0.354450223,0.043,0,0,0,0
30-Oct-16,1,1.826146475,0.563859838,0,0,0,0,0,0,0,-0.885724918,0.464210479,1,-0.885724918,0.464210479,0.05,0,0,0,0
6-Nov-16,1,1.845311431,0.604018478,0,0,0,0,0,0,0,-0.823547235,0.567247699,1,-0.823547235,0.567247699,0.026,0,0,0,0
13-Nov-16,1,1.864476386,0.646039993,0,0,0,0,0,0,0,-0.749442337,0.662069622,1,-0.749442337,0.662069622,0.025,0,0,0,0
20-Nov-16,1,1.883641342,0.689966618,0,0,0,0,0,0,0,-0.664483466,0.747302967,0,0,0,0.034,0,0,0,0
27-Nov-16,1,1.902806297,0.735840587,0,0,0,0,0,0,0,-0.569901058,0.821713323,0,0,0,0.023,0,0,0,0
4-Dec-16,1,1.921971253,0.783704137,0,0,0,0,0,0,0,-0.467064925,0.884223024,0,0,0,0.01,0,0,0,0
11-Dec-16,1,1.941136208,0.833599502,0,0,0,0,0,0,0,-0.357464416,0.933926759,0,0,0,0.007,0,0,0,0
18-Dec-16,1,1.960301164,0.885568918,0,0,0,0,0,0,0,-0.242686845,0.970104683,0,0,0,0.008,0,0,0,0
25-Dec-16,1,1.979466119,0.93965462,0,0,0,0,0,0,0,-0.124394505,0.992232839,0,0,0,0.014,0,0,0,0
1-Jan-17,1,1.998631075,0.995898843,0,0,0,0,0,0,0,-0.004300593,0.999990752,0,0,0,0.013,0,0,0,0
8-Jan-17,1,2.01779603,1.054343822,5.63597938777477e-06,0,0,0,0,0,0,0.103031379,0.994678106,0,0,0,0.017,0,0,0,0
15-Jan-17,1,2.036960986,1.115031793,5.04929368635666e-05,0,0,0,0,0,0,0.238512575,0.971139409,0,0,0,0.005,0,0,0,0
22-Jan-17,1,2.056125941,1.178004991,0.000176804,0,0,0,0,0,0,0.337301069,0.941396829,0,0,0,0.013,0,0,0,0
29-Jan-17,1,2.075290897,1.24330565,0.000426803,0,0,0,0,0,0,0.463257923,0.886223503,0,0,0,0.012,0,0,0,0
5-Feb-17,1,2.094455852,1.310976007,0.000842726,0,0,0,0,0,0,0.552101343,0.833777013,0,0,0,0.008,0,0,0,0
12-Feb-17,1,2.113620808,1.381058296,0.001466809,0,0,0,0,0,0,0.661263475,0.750153729,0,0,0,0.003,0,0,0,0
19-Feb-17,1,2.132785763,1.453594753,0.002341286,0,0,0,0,0,0,0.735033674,0.678030602,0,0,0,0.009,0,0,0,0
26-Feb-17,1,2.151950719,1.528627612,0.003508393,0,0,0,0,0,0,0.821100118,0.570784194,0,0,0,0.019,0,0,0,0
5-Mar-17,1,2.171115674,1.60619911,0.005010365,0,0,0,0,0,0,0.875538993,0.483147464,0,0,0,0.015,0,0,0,0
12-Mar-17,1,2.19028063,1.68635148,0.006889437,0,0,0,0,0,0,0.933541891,0.358468322,0,0,0,0.013,0,0,0,0
19-Mar-17,1,2.209445585,1.76912696,0.009187844,0,0,0,0,0,0,0.965507166,0.260376483,0,0,0,0.007,0,0,0,0
26-Mar-17,1,2.228610541,1.854567782,0.011947822,0,0,0,0,0,0,0.992098523,0.125461233,0,0,0,0.003,0,0,0,0
2-Apr-17,1,2.247775496,1.942716184,0.015211606,0,0,0,0,0,0,0.999745124,0.022576263,0,0,0,0.01,0,0,0,0
9-Apr-17,1,2.266940452,2.0336144,0.01902143,0,0,0,0,0,0,0.993390055,-0.114787626,1,0.993390055,-0.114787626,0.012,0,0,0,0
16-Apr-17,1,2.286105407,2.127304665,0.023419531,0,0,0,0,0,0,0.976276611,-0.216527085,1,0.976276611,-0.216527085,0.009,0,0,0,0
23-Apr-17,1,2.305270363,2.223829215,0.028448143,0,0,0,0,0,0,0.937341938,-0.348410807,1,0.937341938,-0.348410807,0.007,0,0,0,0
30-Apr-17,1,2.324435318,2.323230284,0.034149502,0,0,0,0,0,0,0.896456258,-0.443132234,1,0.896456258,-0.443132234,0.003,0,0,0,0
7-May-17,1,2.343600274,2.425550109,0.040565843,0,0,0,0,0,0,0.827189337,-0.561923305,1,0.827189337,-0.561923305,0.007,0,0,0,0
14-May-17,1,2.362765229,2.530830923,0.047739401,0,0,0,0,0,0,0.76489139,-0.644159267,1,0.76489139,-0.644159267,0,0,0,0,0
21-May-17,1,2.381930185,2.639114963,0.05571241,0,0,0,0,0,0,0.66929039,-0.743000925,1,0.66929039,-0.743000925,0,0,0,0,0
28-May-17,1,2.40109514,2.750444464,0.064527108,0,0,0,0,0,0,0.589176087,-0.808004665,1,0.589176087,-0.808004665,0,0,0,0,0
4-Jun-17,1,2.420260096,2.86486166,0.074225728,0,0,0,0,0,0,0.472759209,-0.881191653,1,0.472759209,-0.881191653,0.006,0,0,0,0
11-Jun-17,1,2.439425051,2.982408787,0.084850506,0,0,0,0,0,0,0.379452844,-0.925211078,1,0.379452844,-0.925211078,0.016,0,0,0,0
18-Jun-17,1,2.458590007,3.103128081,0.096443677,0,0,0,0,0,0,0.248939809,-0.968518958,1,0.248939809,-0.968518958,0.003,0,0,0,0
25-Jun-17,1,2.477754962,3.227061776,0.109047477,0,0,0,0,0,0,0.147827133,-0.989013215,1,0.147827133,-0.989013215,0.007,0,0,0,0
2-Jul-17,1,2.496919918,3.354252107,0.12270414,0,0,0,0,0,0,0.010751308,-0.999942203,1,0.010751308,-0.999942203,0.009,0,0,0,0
9-Jul-17,1,2.516084873,3.484741311,0.137455901,0,0,0,0,0,0,-0.092331334,-0.995728339,1,-0.092331334,-0.995728339,0.019,0,0,0,0
16-Jul-17,1,2.535249829,3.618571622,0.153344997,0,0,0,0,0,0,-0.228057771,-0.973647602,1,-0.228057771,-0.973647602,0.022,0,0,0,0
23-Jul-17,1,2.554414784,3.755785275,0.170413662,0,0,0,0,0,0,-0.327160327,-0.944968846,1,-0.327160327,-0.944968846,0.071,0,0,0,0
30-Jul-17,1,2.57357974,3.896424505,0.188704131,0,0,0,0,0,0,-0.453703086,-0.89115291,1,-0.453703086,-0.89115291,0.092,0,0,0,0
6-Aug-17,1,2.592744695,4.040531548,0.20825864,0,0,0,0,0,0,-0.54310524,-0.839664635,1,-0.54310524,-0.839664635,0.163,0,0,0,0
13-Aug-17,1,2.611909651,4.188148639,0.229119424,0,0,0,0,0,0,-0.653160122,-0.757219819,1,-0.653160122,-0.757219819,0.262,0,0,0,0
20-Aug-17,1,2.631074606,4.339318014,0.251328718,0,0,0,0,0,0,-0.727701476,-0.685893988,1,-0.727701476,-0.685893988,0.31,0,0,0,0
27-Aug-17,1,2.650239562,4.494081906,0.274928757,0,0,0,0,0,0,-0.814915984,-0.579579105,1,-0.814915984,-0.579579105,0.328,0,0,0,0
3-Sep-17,1,2.669404517,4.652482553,0.299961776,0,0,0,0,0,0,-0.870293922,-0.492532729,1,-0.870293922,-0.492532729,0.325,0,0,0,0
10-Sep-17,1,2.688569473,4.814562188,0.326470011,0,0,0,0,0,0,-0.929633932,-0.368484399,1,-0.929633932,-0.368484399,0.367,0,0,0,0
17-Sep-17,1,2.707734428,4.980363047,0.354495697,0,0,0,0,0,0,-0.962651975,-0.270741898,1,-0.962651975,-0.270741898,0.355,0,0,0,0
24-Sep-17,1,2.726899384,5.149927365,0.38408107,0,0,0,0,0,0,-0.99069231,-0.136120339,1,-0.99069231,-0.136120339,0.381,0,0,0,0
1-Oct-17,1,2.746064339,5.323297378,0.415268363,0,0,0,0,0,0,-0.999444617,-0.033323526,1,-0.999444617,-0.033323526,0.27,0,0,0,0
8-Oct-17,1,2.765229295,5.50051532,0.448099813,0,0,0,0,0,0,-0.994566757,0.104100749,1,-0.994566757,0.104100749,0.182,0,0,0,0
15-Oct-17,1,2.784394251,5.681623427,0.482617655,0,0,0,0,0,0,-0.978548135,0.20601832,1,-0.978548135,0.20601832,0.14,0,0,0,0
22-Oct-17,1,2.803559206,5.866663935,0.518864124,0,0,0,0,0,0,-0.941033635,0.338313018,1,-0.941033635,0.338313018,0.084,0,0,0,0
29-Oct-17,1,2.822724162,6.055679077,0.556881455,0,0,0,0,0,0,-0.901168697,0.433468545,1,-0.901168697,0.433468545,0.03,0,0,0,0
5-Nov-17,1,2.841889117,6.24871109,0.596711883,0,0,0,0,0,0,-0.833182939,0.55299746,1,-0.833182939,0.55299746,0.022,0,0,0,0
12-Nov-17,1,2.861054073,6.445802209,0.638397644,0,0,0,0,0,0,-0.771772737,0.635898453,1,-0.771772737,0.635898453,0.021,0,0,0,0
19-Nov-17,1,2.880219028,6.646994669,0.681980973,0,0,0,0,0,0,-0.677239938,0.735762235,1,-0.677239938,0.735762235,0.02,0,0,0,0
26-Nov-17,1,2.899383984,6.852330705,0.727504104,0,0,0,0,0,0,-0.597829141,0.801623551,0,0,0,0.019,0,0,0,0
3-Dec-17,1,2.918548939,7.061852552,0.775009274,0,0,0,0,0,0,-0.482205848,0.876057943,0,0,0,0.009,0,0,0,0
10-Dec-17,1,2.937713895,7.275602446,0.824538718,0,0,0,0,0,0,-0.389378142,0.92107799,0,0,0,0.012,0,0,0,0
17-Dec-17,1,2.95687885,7.493622622,0.87613467,0,0,0,0,0,0,-0.259338266,0.965786552,0,0,0,0.003,0,0,0,0
24-Dec-17,1,2.976043806,7.715955314,0.929839366,0,0,0,0,0,0,-0.158451775,0.987366718,0,0,0,0.009,0,0,0,0
31-Dec-17,1,2.995208761,7.942642759,0.985695041,0,0,0,0,0,0,-0.021501373,0.999768819,0,0,0,0.003,0,0,0,0
7-Jan-18,1,3.014373717,8.173727192,1.043743931,2.9696634677911e-06,0,0,0,0,0,0.085906104,0.996303238,0,0,0,0.003,0,0,0,0
14-Jan-18,1,3.033538672,8.409250847,1.10402827,3.77257247945314e-05,0,0,0,0,0,0.204966114,0.97876907,0,0,0,0.006,0,0,0,0
21-Jan-18,1,3.052703628,8.649255959,1.166590293,0.000146393,0,0,0,0,0,0.321057654,0.947059651,0,0,0,0.002,0,0,0,0
28-Jan-18,1,3.071868583,8.893784765,1.231472237,0.000371208,0,0,0,0,0,0.432499402,0.90163422,0,0,0,0,0,0,0,0
4-Feb-18,1,3.091033539,9.1428795,1.298716336,0.000754405,0,0,0,0,0,0.537677377,0.843150662,0,0,0,0,0,0,0,0
11-Feb-18,1,3.110198494,9.396582397,1.368364825,0.001338218,0,0,0,0,0,0.635068313,0.772455978,0,0,0,0.009,0,0,0,0
18-Feb-18,1,3.12936345,9.654935694,1.44045994,0.002164885,0,0,0,0,0,0.723261725,0.69057402,0,0,0,0.007,0,0,0,0
25-Feb-18,1,3.148528405,9.917981624,1.515043916,0.003276639,0,0,0,0,0,0.800980331,0.598690663,0,0,0,0.007,0,0,0,0
4-Mar-18,1,3.167693361,10.18576242,1.592158987,0.004715716,0,0,0,0,0,0.867098552,0.498136628,0,0,0,0,0,0,0,0
11-Mar-18,1,3.186858316,10.45832033,1.67184739,0.006524351,0,0,0,0,0,0.920658817,0.390368215,0,0,0,0.002,0,0,0,0
18-Mar-18,1,3.206023272,10.73569757,1.75415136,0.008744779,0,0,0,0,0,0.960885426,0.276946202,0,0,0,0.009,0,0,0,0
25-Mar-18,1,3.225188227,11.01793639,1.839113131,0.011419236,0,0,0,0,0,0.987195787,0.159513252,0,0,0,0.007,0,0,0,0
1-Apr-18,1,3.244353183,11.30507902,1.926774939,0.014589957,0,0,0,0,0,0.999208856,0.039770114,0,0,0,0.003,0,0,0,0
8-Apr-18,1,3.263518138,11.59716769,2.017179019,0.018299176,0,0,0,0,0,0.99675065,-0.080549004,1,0.99675065,-0.080549004,0,0,0,0,0
15-Apr-18,1,3.282683094,11.89424464,2.110367606,0.02258913,0,0,0,0,0,0.97985677,-0.199701553,1,0.97985677,-0.199701553,0.009,0,0,0,0
22-Apr-18,1,3.301848049,12.19635211,2.206382936,0.027502053,0,0,0,0,0,0.948771886,-0.315961877,1,0.948771886,-0.315961877,0.019,0,0,0,0
29-Apr-18,1,3.321013005,12.50353233,2.305267243,0.033080181,0,0,0,0,0,0.903946193,-0.427646209,1,0.903946193,-0.427646209,0,0,0,0,0
6-May-18,1,3.34017796,12.81582754,2.407062764,0.039365749,0,0,0,0,0,0.846028888,-0.533137056,1,0.846028888,-0.533137056,0.007,0,0,0,0
13-May-18,1,3.359342916,13.13327997,2.511811733,0.046400992,0,0,0,0,0,0.775858773,-0.630906621,1,0.775858773,-0.630906621,0,0,0,0,0
20-May-18,1,3.378507871,13.45593185,2.619556385,0.054228145,0,0,0,0,0,0.694452102,-0.719538934,1,0.694452102,-0.719538934,0.003,0,0,0,0
27-May-18,1,3.397672827,13.78382543,2.730338955,0.062889443,0,0,0,0,0,0.602987867,-0.797750357,1,0.602987867,-0.797750357,0.002,0,0,0,0
3-Jun-18,1,3.416837782,14.11700293,2.84420168,0.072427122,0,0,0,0,0,0.50279072,-0.864408174,1,0.50279072,-0.864408174,0.004,0,0,0,0
10-Jun-18,1,3.436002738,14.4555066,2.961186793,0.082883417,0,0,0,0,0,0.395311789,-0.918546999,1,0.395311789,-0.918546999,0,0,0,0,0
17-Jun-18,1,3.455167693,14.79937866,3.081336531,0.094300564,0,0,0,0,0,0.282107663,-0.959382753,1,0.282107663,-0.959382753,0,0,0,0,0
24-Jun-18,1,3.474332649,15.14866135,3.204693128,0.106720796,0,0,0,0,0,0.164817847,-0.986324023,1,0.164817847,-0.986324023,0.002,0,0,0,0
1-Jul-18,1,3.493497604,15.50339692,3.33129882,0.12018635,0,0,0,0,0,0.045141018,-0.998980625,1,0.045141018,-0.998980625,0,0,0,0,0
8-Jul-18,1,3.51266256,15.86362758,3.461195841,0.134739461,0,0,0,0,0,-0.075189576,-0.997169257,1,-0.075189576,-0.997169257,0.01,0,0,0,0
15-Jul-18,1,3.531827515,16.22939559,3.594426428,0.150422364,0,0,0,0,0,-0.19443122,-0.980916154,1,-0.19443122,-0.980916154,0.003,0,0,0,0
22-Jul-18,1,3.550992471,16.60074316,3.731032815,0.167277294,0,0,0,0,0,-0.310856968,-0.950456704,1,-0.310856968,-0.950456704,0,0,0,0,0
29-Jul-18,1,3.570157426,16.97771255,3.871057238,0.185346486,0,0,0,0,0,-0.422780658,-0.906232043,1,-0.422780658,-0.906232043,0.007,0,0,0,0
5-Aug-18,1,3.589322382,17.36034598,4.014541931,0.204672176,0,0,0,0,0,-0.528581328,-0.848882665,1,-0.528581328,-0.848882665,0.003,0,0,0,0
12-Aug-18,1,3.608487337,17.74868569,4.16152913,0.225296599,0,0,0,0,0,-0.626726697,-0.779239147,1,-0.626726697,-0.779239147,0.003,0,0,0,0
19-Aug-18,1,3.627652293,18.14277391,4.312061071,0.247261989,0,0,0,0,0,-0.715795349,-0.698310116,1,-0.715795349,-0.698310116,0.02,0,0,0,0
26-Aug-18,1,3.646817248,18.54265288,4.466179988,0.270610584,0,0,0,0,0,-0.794497329,-0.607267646,1,-0.794497329,-0.607267646,0.018,0,0,0,0
2-Sep-18,1,3.665982204,18.94836484,4.623928116,0.295384616,0,0,0,0,0,-0.861692816,-0.507430281,1,-0.861692816,-0.507430281,0.02,0,0,0,0
9-Sep-18,1,3.685147159,19.35995202,4.785347691,0.321626322,0,0,0,0,0,-0.916408637,-0.400243939,1,-0.916408637,-0.400243939,0.024,0,0,0,0
16-Sep-18,1,3.704312115,19.77745665,4.950480948,0.349377937,0,0,0,0,0,-0.957852355,-0.287260971,1,-0.957852355,-0.287260971,0.004,0,0,0,0
23-Sep-18,1,3.72347707,20.20092097,5.119370123,0.378681697,0,0,0,0,0,-0.985423754,-0.170117678,1,-0.985423754,-0.170117678,0.023,0,0,0,0
30-Sep-18,1,3.742642026,20.63038722,5.292057449,0.409579835,0,0,0,0,0,-0.998723524,-0.050510617,1,-0.998723524,-0.050510617,0.018,0,0,0,0
7-Oct-18,1,3.761806982,21.06589763,5.468585164,0.442114588,0,0,0,0,0,-0.997559048,0.069827976,1,-0.997559048,0.069827976,0.015,0,0,0,0
14-Oct-18,1,3.780971937,21.50749443,5.648995501,0.476328191,0,0,0,0,0,-0.98194719,0.189155269,1,-0.98194719,0.189155269,0.018,0,0,0,0
21-Oct-18,1,3.800136893,21.95521987,5.833330697,0.512262879,0,0,0,0,0,-0.952114054,0.305743076,1,-0.952114054,0.305743076,0.006,0,0,0,0
28-Oct-18,1,3.819301848,22.40911617,6.021632985,0.549960887,0,0,0,0,0,-0.908491704,0.417902889,1,-0.908491704,0.417902889,0.01,0,0,0,0
4-Nov-18,1,3.838466804,22.86922558,6.213944603,0.58946445,0,0,0,0,0,-0.851711911,0.524010325,1,-0.851711911,0.524010325,0.01,0,0,0,0
11-Nov-18,1,3.857631759,23.33559032,6.410307784,0.630815804,0,0,0,0,0,-0.782597002,0.62252866,1,-0.782597002,0.62252866,0.016,0,0,0,0
18-Nov-18,1,3.876796715,23.80825263,6.610764763,0.674057184,0,0,0,0,0,-0.702147949,0.712031079,1,-0.702147949,0.712031079,0,0,0,0,0
25-Nov-18,1,3.89596167,24.28725475,6.815357777,0.719230824,0,0,0,0,0,-0.611529876,0.791221341,0,0,0,0.01,0,0,0,0
2-Dec-18,1,3.915126626,24.77263891,7.024129061,0.766378961,0,0,0,0,0,-0.512055178,0.858952557,0,0,0,0.012,0,0,0,0
9-Dec-18,1,3.934291581,25.26444735,7.237120849,0.81554383,0,0,0,0,0,-0.405164522,0.914243791,0,0,0,0.015,0,0,0,0
16-Dec-18,1,3.953456537,25.76272231,7.454375377,0.866767665,0,0,0,0,0,-0.292405977,0.956294277,0,0,0,0.005,0,0,0,0
23-Dec-18,1,3.972621492,26.26750601,7.675934879,0.920092702,0,0,0,0,0,-0.175412594,0.984495009,0,0,0,0.016,0,0,0,0
30-Dec-18,1,3.991786448,26.77884069,7.901841592,0.975561176,0,0,0,0,0,-0.055878757,0.998437562,0,0,0,0.011,0,0,0,0
6-Jan-19,1,4.010951403,27.2967686,8.132137751,1.033215323,1.31343716272153e-06,0,0,0,0,0.068755408,0.997633547,0,0,0,0.02,0,0,0,0
13-Jan-19,1,4.030116359,27.82133195,8.36686559,1.093097377,2.7315388493629e-05,0,0,0,0,0.188099418,0.982149993,0,0,0,0.016,0,0,0,0
20-Jan-19,1,4.049281314,28.352573,8.606067345,1.155249573,0.000119687,0,0,0,0,0.304719233,0.952442223,0,0,0,0.018,0,0,0,0
27-Jan-19,1,4.06844627,28.89053397,8.849785251,1.219714148,0.000320663,0,0,0,0,0.416925881,0.908940487,0,0,0,0.018,0,0,0,0
3-Feb-19,1,4.087611225,29.4352571,9.098061543,1.286533336,0.00067248,0,0,0,0,0.523094303,0.852274809,0,0,0,0.037,0,0,0,0
10-Feb-19,1,4.106776181,29.98678463,9.350938457,1.355749372,0.001217372,0,0,0,0,0.62168689,0.783265862,0,0,0,0.014,0,0,0,0
17-Feb-19,1,4.125941136,30.54515878,9.608458227,1.427404492,0.001997574,0,0,0,0,0.711275752,0.702913085,0,0,0,0.009,0,0,0,0
24-Feb-19,1,4.145106092,31.1104218,9.870663089,1.50154093,0.003055322,0,0,0,0,0.790563397,0.612380205,0,0,0,0.014,0,0,0,0
3-Mar-19,1,4.164271047,31.68261592,10.13759528,1.578200923,0.00443285,0,0,0,0,0.858401523,0.512978386,0,0,0,0.017,0,0,0,0
10-Mar-19,1,4.183436003,32.26178337,10.40929703,1.657426705,0.006172395,0,0,0,0,0.91380765,0.406147239,0,0,0,0.015,0,0,0,0
17-Mar-19,1,4.202600958,32.8479664,10.68581058,1.739260511,0.008316192,0,0,0,0,0.955979344,0.293433969,0,0,0,0.022,0,0,0,0
24-Mar-19,1,4.221765914,33.44120723,10.96717816,1.823744577,0.010906474,0,0,0,0,0.984305844,0.176470973,0,0,0,0.014,0,0,0,0
31-Mar-19,1,4.240930869,34.0415481,11.25344201,1.910921138,0.013985479,0,0,0,0,0.998376906,0.056952196,0,0,0,0.019,0,0,0,0
7-Apr-19,1,4.260095825,34.64903125,11.54464437,2.000832429,0.01759544,0,0,0,0,0.997988742,-0.063391405,0,0,0,0.023,0,0,0,0
14-Apr-19,1,4.27926078,35.26369891,11.84082746,2.093520685,0.021778594,0,0,0,0,0.983146974,-0.182816925,1,0.983146974,-0.182816925,0.042,0,0,0,0
21-Apr-19,1,4.298425736,35.88559332,12.14203352,2.189028142,0.026577175,0,0,0,0,0.95406655,-0.299594756,1,0.95406655,-0.299594756,0.064,0,0,0,0
28-Apr-19,1,4.317590691,36.51475671,12.4483048,2.287397034,0.032033419,0,0,0,0,0.911168635,-0.412033637,1,0.911168635,-0.412033637,0.038,0,0,0,0
5-May-19,1,4.336755647,37.15123132,12.75968352,2.388669598,0.038189561,0,0,0,0,0.855074509,-0.518505144,1,0.855074509,-0.518505144,0.082,0,0,0,0
12-May-19,1,4.355920602,37.79505937,13.07621191,2.492888068,0.045087835,0,0,0,0,0.786596566,-0.61746728,1,0.786596566,-0.61746728,0.067,0,0,0,0
19-May-19,1,4.375085558,38.44628312,13.39793223,2.600094679,0.052770478,0,0,0,0,0.706726556,-0.707486802,1,0.706726556,-0.707486802,0.071,0,0,0,0
26-May-19,1,4.394250513,39.10494479,13.72488669,2.710331666,0.061279724,0,0,0,0,0.616621213,-0.787259982,1,0.616621213,-0.787259982,0.085,0,0,0,0
2-Jun-19,1,4.413415469,39.77108662,14.05711753,2.823641266,0.070657809,0,0,0,0,0.51758551,-0.855631486,1,0.51758551,-0.855631486,0.055,0,0,0,0
9-Jun-19,1,4.432580424,40.44475084,14.394667,2.940065712,0.080946968,0,0,0,0,0.411053755,-0.911611107,1,0.411053755,-0.911611107,0.106,0,0,0,0
16-Jun-19,1,4.45174538,41.12597969,14.73757732,3.059647241,0.092189436,0,0,0,0,0.298568817,-0.954388108,1,0.298568817,-0.954388108,0.115,0,0,0,0
23-Jun-19,1,4.470910335,41.8148154,15.08589074,3.182428087,0.104427448,0,0,0,0,0.181759788,-0.983342961,1,0.181759788,-0.983342961,0.115,0,0,0,0
30-Jun-19,1,4.490075291,42.51130021,15.43964948,3.308450485,0.11770324,0,0,0,0,0.062318379,-0.998056321,1,0.062318379,-0.998056321,0.096,0,0,0,0
7-Jul-19,1,4.509240246,43.21547636,15.79889578,3.437756672,0.132059047,0,0,0,0,-0.058025569,-0.998315097,1,-0.058025569,-0.998315097,0.111,0,0,0,0
14-Jul-19,1,4.528405202,43.92738607,16.16367187,3.570388882,0.147537104,0,0,0,0,-0.177529149,-0.984115543,1,-0.177529149,-0.984115543,0.111,0,0,0,0
21-Jul-19,1,4.547570157,44.64707159,16.53402,3.70638935,0.164179645,0,0,0,0,-0.294461622,-0.955663305,1,-0.294461622,-0.955663305,0.116,0,0,0,0
28-Jul-19,1,4.566735113,45.37457515,16.90998239,3.845800311,0.182028908,0,0,0,0,-0.407129485,-0.913370452,1,-0.407129485,-0.913370452,0.131,0,0,0,0
4-Aug-19,1,4.585900068,46.10993899,17.29160129,3.988664001,0.201127125,0,0,0,0,-0.513901001,-0.857849498,1,-0.513901001,-0.857849498,0.159,0,0,0,0
11-Aug-19,1,4.605065024,46.85320533,17.67891892,4.135022655,0.221516534,0,0,0,0,-0.613229826,-0.789904539,1,-0.613229826,-0.789904539,0.118,0,0,0,0
18-Aug-19,1,4.624229979,47.60441642,18.07197753,4.284918509,0.243239368,0,0,0,0,-0.703677407,-0.710519603,1,-0.703677407,-0.710519603,0.115,0,0,0,0
25-Aug-19,1,4.643394935,48.36361449,18.47081934,4.438393796,0.266337864,0,0,0,0,-0.783933817,-0.620844402,1,-0.783933817,-0.620844402,0.116,0,0,0,0
1-Sep-19,1,4.66255989,49.13084178,18.87548659,4.595490754,0.290854257,0,0,0,0,-0.852836722,-0.522177677,1,-0.852836722,-0.522177677,0.137,0,0,0,0
8-Sep-19,1,4.681724846,49.90614051,19.28602153,4.756251616,0.316830781,0,0,0,0,-0.90938822,-0.415948392,1,-0.90938822,-0.415948392,0.122,0,0,0,0
15-Sep-19,1,4.700889802,50.68955294,19.70246637,4.920718618,0.344309672,0,0,0,0,-0.952769292,-0.303695038,1,-0.952769292,-0.303695038,0.115,0,0,0,0
22-Sep-19,1,4.720054757,51.48112128,20.12486337,5.088933995,0.373333165,0,0,0,0,-0.982351661,-0.187043349,1,-0.982351661,-0.187043349,0.095,0,0,0,0
29-Sep-19,1,4.739219713,52.28088778,20.55325475,5.260939983,0.403943495,0,0,0,0,-0.997706893,-0.067682762,1,-0.997706893,-0.067682762,0.097,0,0,0,0
6-Oct-19,1,4.758384668,53.08889468,20.98768274,5.436778816,0.436182898,0,0,0,0,-0.998612602,0.052658057,1,-0.998612602,0.052658057,0.05,0,0,0,0
13-Oct-19,1,4.777549624,53.9051842,21.42818959,5.61649273,0.470093608,0,0,0,0,-0.985055672,0.172236243,1,-0.985055672,0.172236243,0.051,0,0,0,0
20-Oct-19,1,4.796714579,54.72979858,21.87481753,5.800123961,0.505717862,0,0,0,0,-0.957232443,0.289319978,1,-0.957232443,0.289319978,0.038,0,0,0,0
27-Oct-19,1,4.815879535,55.56278006,22.3276088,5.987714742,0.543097894,0,0,0,0,-0.915545873,0.402213568,1,-0.915545873,0.402213568,0.019,0,0,0,0
3-Nov-19,1,4.83504449,56.40417087,22.78660562,6.17930731,0.582275939,0,0,0,0,-0.860599696,0.509282007,1,-0.860599696,0.509282007,0.025,0,0,0,0
10-Nov-19,1,4.854209446,57.25401326,23.25185024,6.3749439,0.623294232,0,0,0,0,-0.793189684,0.608974651,1,-0.793189684,0.608974651,0.009,0,0,0,0
17-Nov-19,1,4.873374401,58.11234944,23.72338489,6.574666747,0.66619501,0,0,0,0,-0.714292117,0.699847677,1,-0.714292117,0.699847677,0.012,0,0,0,0
24-Nov-19,1,4.892539357,58.97922166,24.2012518,6.778518086,0.711020507,0,0,0,0,-0.625049649,0.780584997,0,0,0,0.003,0,0,0,0
1-Dec-19,1,4.911704312,59.85467216,24.68549322,6.986540152,0.757812957,0,0,0,0,-0.526754753,0.850017312,0,0,0,0.015,0,0,0,0
8-Dec-19,1,4.930869268,60.73874316,25.17615137,7.198775181,0.806614598,0,0,0,0,-0.420831009,0.907139053,0,0,0,0.01,0,0,0,0
15-Dec-19,1,4.950034223,61.63147691,25.67326849,7.415265407,0.857467662,0,0,0,0,-0.308812481,0.951122942,0,0,0,0.002,0,0,0,0
22-Dec-19,1,4.969199179,62.53291564,26.17688682,7.636053067,0.910414387,0,0,0,0,-0.192321505,0.981331972,0,0,0,0.01,0,0,0,0
29-Dec-19,1,4.988364134,63.44310158,26.68704859,7.861180395,0.965497007,0,0,0,0,-0.073045188,0.997328632,0,0,0,0.003,0,0,0,0
5-Jan-20,1,5.00752909,64.36207698,27.20379603,8.090689626,1.022757757,4.26802945203287e-07,0,0,0,0.051584367,0.99866864,0,0,0,0.01,0,0,0,0
12-Jan-20,1,5.026694045,65.28988405,27.72717139,8.324622996,1.082238873,1.90214304334968e-05,0,0,0,0.17117706,0.985240283,0,0,0,0,0,0,0,0
19-Jan-20,1,5.045859001,66.22656505,28.25721689,8.56302274,1.14398259,9.6443677093128e-05,0,0,0,0.288290641,0.957542953,0,0,0,0.014,0,0,0,0
26-Jan-20,1,5.065023956,67.1721622,28.79397478,8.805931092,1.208031142,0.000274929,0,0,0,0.401228985,0.915977784,0,0,0,0.005,0,0,0,0
2-Feb-20,1,5.084188912,68.12671775,29.33748728,9.053390289,1.274426766,0.000596712,0,0,0,0.508356438,0.861146754,0,0,0,0.009,0,0,0,0
9-Feb-20,1,5.103353867,69.09027392,29.88779664,9.305442566,1.343211696,0.001104028,0,0,0,0.6081215,0.793843965,0,0,0,0,0,0,0,0
16-Feb-20,1,5.122518823,70.06287295,30.44494508,9.562130157,1.414428167,0.001839113,0,0,0,0.699079301,0.715044147,0,0,0,0.015,0,0,0,0
23-Feb-20,1,5.141683778,71.04455707,31.00897485,9.823495299,1.488118415,0.002844202,0,0,0,0.779912522,0.625888534,0,0,0,0.003,0,0,0,0
1-Mar-20,1,5.160848734,72.03536853,31.57992818,10.08958022,1.564324676,0.004161529,0,0,0,0.849450479,0.527668346,0,0,0,0.007,0,0,0,0
8-Mar-20,1,5.180013689,73.03534955,32.1578473,10.36042717,1.643089183,0.005833331,0,0,0,0.906686072,0.421806077,0,0,0,0.012,0,0,0,0
15-Mar-20,1,5.199178645,74.04454238,32.74277444,10.63607837,1.724454173,0.007901842,0,0,0,0.950790372,0.309834904,0,0,0,0.017,0,0,0,0
22-Mar-20,1,5.2183436,75.06298924,33.33475185,10.91657607,1.808461881,0.010409297,0,0,0,0.98112463,0.193376474,0,0,0,0.011,0,0,0,0
29-Mar-20,1,5.237508556,76.09073238,33.93382177,11.20196249,1.895154542,0.013397932,0,0,0,0.997249521,0.074117425,0,0,0,0.017,0,0,0,0
5-Apr-20,1,5.256673511,77.12781402,34.54002641,11.49227987,1.98457439,0.016909982,0,0,0,0.998931514,-0.046215047,0,0,0,0,0,0.063,0,0
12-Apr-20,1,5.275838467,78.17427641,35.15340802,11.78757044,2.076763662,0.020987683,0,0,0,0.986146248,-0.165878199,0,0,0,0,0.003,0,0,0
19-Apr-20,1,5.295003422,79.23016177,35.77400884,12.08787645,2.171764593,0.025673268,0,0,0,0.95907889,-0.283138981,0,0,0,0,0.009,0,0,0
26-Apr-20,1,5.314168378,80.29551235,36.4018711,12.39324013,2.269619417,0.031008975,0,0,0,0.918121448,-0.396299137,0,0,0,0,0,0,0,0
3-May-20,1,5.333333333,81.37037037,37.03703704,12.7037037,2.37037037,0.037037037,0,0,0,0.863867099,-0.503719799,0,0,0,0,0,0,0,0
10-May-20,1,5.352498289,82.45477808,37.67954888,13.01930942,2.474059688,0.04379969,0,0,0,0.797101593,-0.603845221,0,0,0,0,0,0,0,0
17-May-20,1,5.371663244,83.54877771,38.32944887,13.34009951,2.580729604,0.05133917,0,0,0,0.718791877,-0.695225314,0,0,0,0,0,0,0,0
24-May-20,1,5.3908282,84.65241149,38.98677924,13.6661162,2.690422356,0.059697711,0,0,0,0.630072091,-0.776536644,0,0,0,0,0,0,0,0
31-May-20,1,5.409993155,85.76572166,39.65158223,13.99740174,2.803180177,0.068917548,0,0,0,0.532227139,-0.846601602,0,0,0,0,0,0,0,0
7-Jun-20,1,5.429158111,86.88875045,40.32390007,14.33399835,2.919045303,0.079040918,0,0,0,0.426674083,-0.904405455,0,0,0,0,0,0,0,0
14-Jun-20,1,5.448323066,88.0215401,41.00377499,14.67594828,3.038059969,0.090110054,0,0,0,0.314941621,-0.949111045,0,0,0,0,0,0,0,0
21-Jun-20,1,5.467488022,89.16413285,41.69124924,15.02329376,3.160266411,0.102167193,0,0,0,0.198647943,-0.980070913,0,0,0,0,0.003,0,0,0
28-Jun-20,1,5.486652977,90.31657093,42.38636504,15.37607702,3.285706863,0.11525457,0,0,0,0.0794773,-0.996836676,0,0,0,0,0,0,0,0
5-Jul-20,1,5.505817933,91.47889657,43.08916464,15.7343403,3.414423562,0.129414419,0,0,0,-0.040844392,-0.99916552,0,0,0,0,0,0,0,0
12-Jul-20,1,5.524982888,92.65115202,43.79969026,16.09812584,3.546458741,0.144688976,0,0,0,-0.160574545,-0.987023716,0,0,0,0,0,0,0,0
19-Jul-20,1,5.544147844,93.8333795,44.51798415,16.46747586,3.681854637,0.161120477,0,0,0,-0.277979139,-0.960587111,0,0,0,0,0,0,0,0
26-Jul-20,1,5.563312799,95.02562125,45.24408853,16.84243261,3.820653484,0.178751155,0,0,0,-0.391357837,-0.92023858,0,0,0,0,0,0.136,0,0
2-Aug-20,1,5.582477755,96.22791951,45.97804565,17.22303832,3.962897518,0.197623248,0,0,0,-0.499068603,-0.866562479,0,0,0,0,0.003,0.277,0,0
9-Aug-20,1,5.60164271,97.4403165,46.71989773,17.60933522,4.108628974,0.217778989,0,0,0,-0.599551492,-0.800336185,0,0,0,0,0,0.277,0,0
16-Aug-20,1,5.620807666,98.66285448,47.46968702,18.00136555,4.257890087,0.239260614,0,0,0,-0.691351236,-0.722518836,0,0,0,0,0,0.379,0,0
23-Aug-20,1,5.639972621,99.89557567,48.22745575,18.39917155,4.410723092,0.262110359,0,0,0,-0.773138326,-0.634237439,0,0,0,0,0,0.293,0,0
30-Aug-20,1,5.659137577,101.1385223,48.99324615,18.80279545,4.567170225,0.286370458,0,0,0,-0.843728259,-0.536770551,0,0,0,0,0,0.231,0,0
6-Sep-20,1,5.678302533,102.3917366,49.76710045,19.21227949,4.727273721,0.312083146,0,0,0,-0.902098701,-0.431529759,0,0,0,0,0,0.147,0,0
13-Sep-20,1,5.697467488,103.6552608,50.54906091,19.6276659,4.891075814,0.33929066,0,0,0,-0.947404289,-0.320039236,0,0,0,0,0,0.115,0,0
20-Sep-20,1,5.716632444,104.9291372,51.33916974,20.04899691,5.058618741,0.368035233,0,0,0,-0.978988874,-0.203913671,0,0,0,0,0,0.077,0,0
27-Sep-20,1,5.735797399,106.213408,52.13746919,20.47631477,5.229944737,0.398359102,0,0,0,-0.996395024,-0.084834878,0,0,0,0,0,0.061,0,0
4-Oct-20,1,5.754962355,107.5081154,52.94400149,20.9096617,5.405096036,0.430304502,0,0,0,-0.999370651,0.035472556,0,0,0,0,0,0,0,0
11-Oct-20,1,5.77412731,108.8133017,53.75880887,21.34907994,5.584114874,0.463913667,0,0,0,-0.98787266,0.15526625,0,0,0,0,0,0,0,0
18-Oct-20,1,5.793292266,110.129009,54.58193357,21.79461173,5.767043486,0.499228833,0,0,0,-0.962067572,0.272811264,0,0,0,0,0,0,0,0
25-Oct-20,1,5.812457221,111.4552797,55.41341783,22.2462993,5.953924107,0.536292235,0,0,0,-0.922329118,0.386405226,0,0,0,0,0,0,0,0
1-Nov-20,1,5.831622177,112.7921559,56.25330388,22.7041849,6.144798973,0.575146109,0,0,0,-0.869232816,0.494402984,0,0,0,0,0,0,0,0
8-Nov-20,1,5.850787132,114.13968,57.10163395,23.16831074,6.339710318,0.615832689,0,0,0,-0.803547649,0.595240436,0,0,0,0,0,0,0,0
15-Nov-20,1,5.869952088,115.497894,57.95845029,23.63871907,6.538700378,0.658394211,0,0,0,-0.726224915,0.687457179,0,0,0,0,0,0,0,0
22-Nov-20,1,5.889117043,116.8668404,58.82379512,24.11545213,6.741811389,0.70287291,0,0,0,-0.638384459,0.769717664,0,0,0,0,0,0,0,0
29-Nov-20,1,5.908281999,118.2465612,59.69771069,24.59855214,6.949085585,0.749311022,0,0,0,-0.541298452,0.840830533,0,0,0,0,0,0,0,0
6-Dec-20,1,5.927446954,119.6370988,60.58023922,25.08806135,7.160565201,0.797750781,0,0,0,-0.436372964,0.899765879,0,0,0,0,0,0,0,0
13-Dec-20,1,5.94661191,121.0384954,61.47142295,25.58402198,7.376292474,0.848234422,0,0,0,-0.325127603,0.945670155,0,0,0,0,0,0,0,0
20-Dec-20,1,5.965776865,122.4507931,62.37130412,26.08647628,7.596309637,0.900804181,0,0,0,-0.209173506,0.977878543,0,0,0,0,0,0,0,0
27-Dec-20,1,5.984941821,123.8740344,63.27992496,26.59546648,7.820658926,0.955502294,0,0,0,-0.090190004,0.995924577,0,0,0,0,0,0,0,0
3-Jan-21,1,6.004106776,125.3082613,64.19732771,27.11103482,8.049382577,1.012370995,6.92632878735791e-08,0,0,0.034398061,0.999408212,0,0,0,0,0,0,0,0
10-Jan-21,1,6.023271732,126.7535161,65.12355461,27.63322352,8.282522825,1.071452519,1.2603353086772e-05,0,0,0.137185404,0.990545388,0,0,0,0,0,0,0,0
17-Jan-21,1,6.042436687,128.209841,66.05864788,28.16207483,8.520121904,1.132789102,7.64230595990542e-05,0,0,0.271776738,0.96236033,0,0,0,0,0,0,0,0
24-Jan-21,1,6.061601643,129.6772784,67.00264976,28.69763098,8.76222205,1.196422979,0.000233764,0,0,0.369483683,0.929237218,0,0,0,0,0,0,0,0
31-Jan-21,1,6.080766598,131.1558704,67.9556025,29.2399342,9.008865499,1.262396385,0.00052686,0,0,0.493468142,0.869763872,0,0,0,0,0,0,0,0
7-Feb-21,1,6.099931554,132.6456592,68.91754831,29.78902674,9.260094485,1.330751556,0.000997948,0,0,0.580454928,0.814292378,0,0,0,0,0,0,0,0
14-Feb-21,1,6.119096509,134.1466871,69.88852945,30.34495082,9.515951244,1.401530726,0.001689262,0,0,0.68667598,0.726963615,0,0,0,0,0,0,0,0
21-Feb-21,1,6.138261465,135.6589964,70.86858814,30.90774868,9.776478011,1.47477613,0.002643038,0,0,0.757921627,0.652345619,0,0,0,0,0,0,0,0
28-Feb-21,1,6.15742642,137.1826292,71.85776662,31.47746256,10.04171702,1.550530005,0.003901511,0,0,0.84024807,0.542202159,0,0,0,0,0,0,0,0
7-Mar-21,1,6.176591376,138.7176278,72.85610712,32.05413469,10.31171051,1.628834586,0.005506916,0,0,0.891640195,0.4527447,0,0,0,0,0,0,0,0
14-Mar-21,1,6.195756331,140.2640345,73.86365188,32.6378073,10.58650071,1.709732106,0.007501489,0,0,0.945320047,0.326144154,0,0,0,0,0,0,0,0
21-Mar-21,1,6.214921287,141.8218914,74.88044314,33.22852264,10.86612986,1.793264802,0.009927463,0,0,0.973892236,0.227010821,0,0,0,0,0,0,0,0
28-Mar-21,1,6.234086242,143.3912408,75.90652313,33.82632294,11.1506402,1.879474909,0.012827076,0,0,0.995827034,0.091260722,0,0,0,0,0,0,0,0
4-Apr-21,1,6.253251198,144.9721249,76.94193409,34.43125043,11.44007395,1.968404663,0.016242562,0,0,0.999930066,-0.011826391,0,0,0,0,0,0,0,0
11-Apr-21,1,6.272416153,146.5645861,77.98671824,35.04334734,11.73447336,2.060096297,0.020216155,0,0,0.988853706,-0.148890387,1,0.988853706,-0.148890387,0,0,0,0,0
18-Apr-21,1,6.291581109,148.1686664,79.04091783,35.66265592,12.03388066,2.154592048,0.024790093,0,0,0.96825075,-0.249980969,1,0.96825075,-0.249980969,0,0,0,0,0
25-Apr-21,1,6.310746064,149.7844082,80.10457509,36.28921839,12.33833808,2.251934151,0.030006608,0,0,0.924802574,-0.380447366,1,0.924802574,-0.380447366,0,0,0,0,0
2-May-21,1,6.32991102,151.4118536,81.17773226,36.923077,12.64788786,2.352164841,0.035907938,0,0,0.880682856,-0.47370635,1,0.880682856,-0.47370635,0,0,0,0,0
9-May-21,1,6.349075975,153.051045,82.26043157,37.56427398,12.96257224,2.455326352,0.042536317,0,0,0.807370744,-0.590044474,1,0.807370744,-0.590044474,0,0,0,0,0
16-May-21,1,6.368240931,154.7020245,83.35271526,38.21285156,13.28243345,2.561460922,0.04993398,0,0,0.742280907,-0.670088841,1,0.742280907,-0.670088841,0,0,0,0,0
23-May-21,1,6.387405886,156.3648345,84.45462556,38.86885198,13.60751372,2.670610783,0.058143162,0,0,0.64333652,-0.765583517,1,0.64333652,-0.765583517,0,0,0,0,0
30-May-21,1,6.406570842,158.039517,85.5662047,39.53231748,13.9378553,2.782818173,0.067206099,0,0,0.561033626,-0.827793012,1,0.561033626,-0.827793012,0,0,0,0,0
6-Jun-21,1,6.425735797,159.7261144,86.68749493,40.20329028,14.27350041,2.898125326,0.077165026,0,0,0.442168152,-0.896932174,1,0.442168152,-0.896932174,0,0,0,0,0
13-Jun-21,1,6.444900753,161.4246688,87.81853848,40.88181263,14.61449129,3.016574476,0.088062178,0,0,0.347402821,-0.937715991,1,0.347402821,-0.937715991,0,0,0,0,0
20-Jun-21,1,6.464065708,163.1352226,88.95937758,41.56792675,14.96087018,3.138207861,0.09993979,0,0,0.215477315,-0.976508846,1,0.215477315,-0.976508846,0,0,0,0,0
27-Jun-21,1,6.483230664,164.857818,90.11005446,42.2616749,15.31267931,3.263067714,0.112840098,0,0,0.113719515,-0.993512895,1,0.113719515,-0.993512895,0,0,0,0,0
4-Jul-21,1,6.502395619,166.5924972,91.27061137,42.96309929,15.66996092,3.39119627,0.126805337,0,0,-0.023651127,-0.999720273,1,-0.023651127,-0.999720273,0,0,0,0,0
11-Jul-21,1,6.521560575,168.3393024,92.44109054,43.67224217,16.03275724,3.522635766,0.141877741,0,0,-0.126527817,-0.99196306,1,-0.126527817,-0.99196306,0,0,0,0,0
18-Jul-21,1,6.54072553,170.0982758,93.6215342,44.38914576,16.40111051,3.657428436,0.158099547,0,0,-0.261414399,-0.965226664,1,-0.261414399,-0.965226664,0,0.003,0,0,0
25-Jul-21,1,6.559890486,171.8694598,94.81198459,45.11385232,16.77506296,3.795616516,0.175512989,0,0,-0.359471813,-0.933155944,1,-0.359471813,-0.933155944,0,0,0,0,0
1-Aug-21,1,6.579055441,173.6528965,96.01248395,45.84640406,17.15465683,3.93724224,0.194160303,0,0,-0.484088522,-0.87501903,1,-0.484088522,-0.87501903,0,0,0,0,0
8-Aug-21,1,6.598220397,175.4486281,97.2230745,46.58684323,17.53993435,4.082347845,0.214083724,0,0,-0.571666671,-0.820485964,1,-0.571666671,-0.820485964,0,0,0,0,0
15-Aug-21,1,6.617385352,177.256697,98.44379849,47.33521207,17.93093776,4.230975564,0.235325486,0,0,-0.678820483,-0.734304264,1,-0.678820483,-0.734304264,0,0,0.078,0,0
22-Aug-21,1,6.636550308,179.0771453,99.67469815,48.09155279,18.32770929,4.383167634,0.257927826,0,0,-0.750864253,-0.660456564,1,-0.750864253,-0.660456564,0,0,0,0,0
29-Aug-21,1,6.655715264,180.9100153,100.9158157,48.85590765,18.73029118,4.538966289,0.281932978,0,0,-0.834370124,-0.551204587,1,-0.834370124,-0.551204587,0,0,0,0,0
5-Sep-21,1,6.674880219,182.7553493,102.1671934,49.62831888,19.13872567,4.698413766,0.307383178,0,0,-0.886721063,-0.46230483,1,-0.886721063,-0.46230483,0,0,0.122,0,0
12-Sep-21,1,6.694045175,184.6131893,103.4288735,50.40882871,19.55305498,4.861552298,0.334320661,0,0,-0.941758934,-0.33628873,1,-0.941758934,-0.33628873,0,0,0.149,0,0
19-Sep-21,1,6.71321013,186.4835778,104.7008982,51.19747938,19.97332136,5.028424121,0.362787662,0,0,-0.971395285,-0.237468316,1,-0.971395285,-0.237468316,0,0,0.176,0,0
26-Sep-21,1,6.732375086,188.3665568,105.9833097,51.99431312,20.39956704,5.199071471,0.392826417,0,0,-0.994788306,-0.10196189,1,-0.994788306,-0.10196189,0,0,0.229,0,0
3-Oct-21,1,6.751540041,190.2621687,107.2761503,52.79937217,20.83183425,5.373536583,0.424479159,0,0,-0.999999422,0.001075151,1,-0.999999422,0.001075151,0,0,0.274,0,0
10-Oct-21,1,6.770704997,192.1704557,108.5794623,53.61269876,21.27016524,5.551861691,0.457788126,0,0,-0.99039732,0.138250311,1,-0.99039732,0.138250311,0,0.003,0.301,0,0
17-Oct-21,1,6.789869952,194.0914601,109.8932877,54.43433513,21.71460222,5.734089031,0.492795551,0,0,-0.97088241,0.239556559,1,-0.97088241,0.239556559,0,0,0.268,0,0
24-Oct-21,1,6.809034908,196.025224,111.217669,55.26432351,22.16518745,5.920260839,0.529543671,0,0,-0.92883943,0.37048254,1,-0.92883943,0.37048254,0,0,0.246,0,0
31-Oct-21,1,6.828199863,197.9717897,112.5526483,56.10270614,22.62196316,6.110419349,0.56807472,0,0,-0.885724918,0.464210479,1,-0.885724918,0.464210479,0,0,0.274,0,0
7-Nov-21,1,6.847364819,199.9311994,113.8982679,56.94952526,23.08497157,6.304606797,0.608430934,0,0,-0.81366783,0.58133008,1,-0.81366783,0.58133008,0,0,0.238,0,0
14-Nov-21,1,6.866529774,201.9034953,115.2545699,57.80482309,23.55425493,6.502865418,0.650654547,0,0,-0.749442337,0.662069622,1,-0.749442337,0.662069622,0,0,0.155,0,0
21-Nov-21,1,6.88569473,203.8887198,116.6215967,58.66864188,24.02985548,6.705237447,0.694787796,0,0,-0.651530362,0.75862256,0,0,0,0,0,0.181,0,0
28-Nov-21,1,6.904859685,205.886915,117.9993904,59.54102386,24.51181543,6.911765119,0.740872914,0,0,-0.569901058,0.821713323,0,0,0,0,0,0.118,0,0
5-Dec-21,1,6.924024641,207.8981232,119.3879933,60.42201127,25.00017705,7.12249067,0.788952138,0,0,-0.45178579,0.892126448,0,0,0,0,0,0.118,0,0
12-Dec-21,1,6.943189596,209.9223866,120.7874477,61.31164633,25.49498254,7.337456335,0.839067703,0,0,-0.357464416,0.933926759,0,0,0,0,0,0.083,0,0
19-Dec-21,1,6.962354552,211.9597475,122.1977957,62.20997129,25.99627416,7.556704348,0.891261844,0,0,-0.225963608,0.974135744,0,0,0,0,0,0.125,0,0
26-Dec-21,1,6.981519507,214.010248,123.6190797,63.11702838,26.50409414,7.780276946,0.945576796,0,0,-0.124394505,0.992232839,0,0,0,0,0,0,0.158,0
2-Jan-22,1,7.000684463,216.0739304,125.0513417,64.03285983,27.01848471,8.008216364,1.002054794,3.20663369944872e-10,0,0,1,0,0,0,0,0,0,0.174,0
9-Jan-22,1,7.019849418,218.150837,126.4946242,64.95750789,27.53948811,8.240564836,1.060738073,7.82065892609166e-06,0,0.120126165,0.992758634,0,0,0,0,0,0,0.461,0
16-Jan-22,1,7.039014374,220.2410099,127.9489692,65.89101478,28.06714657,8.477364597,1.12166887,5.93846114442439e-05,0,0.238512575,0.971139409,0,0,0,0,0,0,0.966,0
23-Jan-22,1,7.058179329,222.3444915,129.4144191,66.83342274,28.60150233,8.718657884,1.184889418,0.000196927,0,0.353444671,0.935455432,0,0,0,0,0.003,0,1.416,0
30-Jan-22,1,7.077344285,224.4613239,130.8910161,67.78477401,29.14259762,8.964486931,1.250441954,0.000462684,0,0.463257923,0.886223503,0,0,0,0,0,0,1.337,0
6-Feb-22,1,7.09650924,226.5915494,132.3788024,68.74511082,29.69047468,9.214893974,1.318368711,0.00089889,0,0.566361933,0.824156636,0,0,0,0,0,0,1.084,0
13-Feb-22,1,7.115674196,228.7352103,133.8778203,69.71447541,30.24517574,9.469921247,1.388711927,0.001547781,0,0.661263475,0.750153729,0,0,0,0,0,0,0.785,0
20-Feb-22,1,7.134839151,230.8923487,135.3881119,70.69291001,30.80674305,9.729610987,1.461513835,0.002451591,0,0.746588115,0.665286545,0,0,0,0,0,0,0.57,0
27-Feb-22,1,7.154004107,233.0630069,136.9097195,71.68045686,31.37521882,9.994005427,1.536816671,0.003652556,0,0.821100118,0.570784194,0,0,0,0,0,0,0.443,0
6-Mar-22,1,7.173169062,235.2472271,138.4426854,72.67715819,31.95064531,10.2631468,1.614662671,0.005192911,0,0.883720347,0.468015328,0,0,0,0,0,0,0.254,0
13-Mar-22,1,7.192334018,237.4450516,139.9870518,73.68305624,32.53306474,10.53707735,1.695094069,0.007114892,0,0.933541891,0.358468322,0,0,0,0,0,0,0.255,0
20-Mar-22,1,7.211498973,239.6565225,141.542861,74.69819324,33.12251935,10.81583931,1.7781531,0.009460733,0,0.969843197,0.243729714,0,0,0,0,0,0,0.226,0
27-Mar-22,1,7.230663929,241.8816822,143.1101551,75.72261143,33.71905138,11.0994749,1.863882001,0.01227267,0,0.992098523,0.125461233,0,0,0,0,0,0,0,0.261
3-Apr-22,1,7.249828884,244.1205729,144.6889763,76.75635304,34.32270306,11.38802638,1.952323005,0.015592938,0,0.999985551,0.005375732,0,0,0,0,0,0,0,0.324
10-Apr-22,1,7.26899384,246.3732368,146.279367,77.79946031,34.93351662,11.68153597,2.043518349,0.019463772,0,0.993390055,-0.114787626,1,0.993390055,-0.114787626,0,0,0,0,0.327
17-Apr-22,1,7.288158795,248.6397161,147.8813694,78.85197548,35.5515343,11.9800459,2.137510267,0.023927407,0,0.972407556,-0.233288544,1,0.972407556,-0.233288544,0,0,0,0,0.421
24-Apr-22,1,7.307323751,250.9200532,149.4950257,79.91394077,36.17679834,12.28359842,2.234340995,0.029026079,0,0.937341938,-0.348410807,1,0.937341938,-0.348410807,0,0.003,0,0,0.541
1-May-22,1,7.326488706,253.2142901,151.1203781,80.98539843,36.80935097,12.59223575,2.334052768,0.034802023,0,0.888701048,-0.458487129,1,0.888701048,-0.458487129,0,0,0,0,0.493
8-May-22,1,7.345653662,255.5224691,152.7574689,82.06639069,37.44923443,12.90600014,2.436687821,0.041297474,0,0.827189337,-0.561923305,1,0.827189337,-0.561923305,0,0.008,0,0,0.465
15-May-22,1,7.364818617,257.8446326,154.4063403,83.15695978,38.09649095,13.22493382,2.54228839,0.048554667,0,0.753697664,-0.657221295,1,0.753697664,-0.657221295,0,0.019,0,0,0.572
22-May-22,1,7.383983573,260.1808226,156.0670346,84.25714795,38.75116276,13.54907902,2.650896709,0.056615837,0,0.66929039,-0.743000925,1,0.66929039,-0.743000925,0,0.058,0,0,0.569
29-May-22,1,7.403148528,262.5310815,157.7395939,85.36699742,39.41329211,13.87847798,2.762555014,0.065523221,0,0.575189961,-0.818019871,1,0.575189961,-0.818019871,0,0.035,0,0,0.577
5-Jun-22,1,7.422313484,264.8954515,159.4240605,86.48655042,40.08292123,14.21317293,2.87730554,0.075319052,0,0.472759209,-0.881191653,1,0.472759209,-0.881191653,0,0.08,0,0,0.549
12-Jun-22,1,7.441478439,267.2739748,161.1204767,87.61584921,40.76009234,14.55320611,2.995190522,0.086045566,0,0.363481612,-0.931601373,1,0.363481612,-0.931601373,0,0.085,0,0,0.542
19-Jun-22,1,7.460643395,269.6666937,162.8288847,88.754936,41.4448477,14.89861976,3.116252195,0.097744999,0,0.248939809,-0.968518958,1,0.248939809,-0.968518958,0,0.123,0,0,0.508
26-Jun-22,1,7.47980835,272.0736504,164.5493267,89.90385304,42.13722953,15.24945611,3.240532796,0.110459585,0,0.130792676,-0.991409742,1,0.130792676,-0.991409742,0,0.111,0,0,0.56
3-Jul-22,1,7.498973306,274.4948871,166.2818449,91.06264257,42.83728006,15.60575739,3.368074558,0.12423156,0,0.010751308,-0.999942203,1,0.010751308,-0.999942203,0,0.081,0,0,0.552
10-Jul-22,1,7.518138261,276.930446,168.0264816,92.2313468,43.54504154,15.96756584,3.498919717,0.139103158,0,-0.109445769,-0.993992768,1,-0.109445769,-0.993992768,0,0.058,0,0,0.655
17-Jul-22,1,7.537303217,279.3803695,169.7832791,93.41000799,44.2605562,16.3349237,3.633110508,0.155116616,0,-0.228057771,-0.973647602,1,-0.228057771,-0.973647602,0,0.027,0,0,0.761
24-Jul-22,1,7.556468172,281.8446997,171.5522795,94.59866837,44.98386627,16.7078732,3.770689167,0.172314169,0,-0.343366874,-0.939201357,1,-0.343366874,-0.939201357,0,0.037,0,0,0.922
31-Jul-22,1,7.575633128,284.3234788,173.3335251,95.79737017,45.71501399,17.08645657,3.911697929,0.190738051,0,-0.453703086,-0.89115291,1,-0.453703086,-0.89115291,0,0.009,0,0,1.031
7-Aug-22,1,7.594798084,286.8167492,175.1270582,97.00615563,46.45404159,17.47071606,4.056179028,0.210430497,0,-0.557468437,-0.830198134,1,-0.557468437,-0.830198134,0,0.019,0,0,0.915
14-Aug-22,1,7.613963039,289.324553,176.9329209,98.22506698,47.20099132,17.86069389,4.204174701,0.231433744,0,-0.653160122,-0.757219819,1,-0.653160122,-0.757219819,0,0.015,0,0,0.79
21-Aug-22,1,7.633127995,291.8469325,178.7511555,99.45414645,47.9559054,18.25643231,4.355727182,0.253790026,0,-0.739392264,-0.673274892,1,-0.739392264,-0.673274892,0,0,0,0,0.582
28-Aug-22,1,7.65229295,294.3839299,180.5818042,100.6934363,48.71882606,18.65797353,4.510878707,0.277541579,0,-0.814915984,-0.579579105,1,-0.814915984,-0.579579105,0,0.006,0,0,0.419
4-Sep-22,1,7.671457906,296.9355874,182.4249093,101.9429787,49.48979556,19.06535982,4.66967151,0.302730637,0,-0.878637494,-0.477489428,1,-0.878637494,-0.477489428,0,0.003,0,0,0.416
11-Sep-22,1,7.690622861,299.5019473,184.2805131,103.202816,50.26885611,19.47863339,4.832147828,0.329399436,0,-0.929633932,-0.368484399,1,-0.929633932,-0.368484399,0,0.006,0,0,0.349
18-Sep-22,1,7.709787817,302.0830518,186.1486576,104.4729903,51.05604996,19.89783648,4.998349894,0.357590211,0,-0.96716673,-0.254142709,1,-0.96716673,-0.254142709,0,0,0,0,0.217
25-Sep-22,1,7.728952772,304.6789432,188.0293853,105.753544,51.85141934,20.32301133,5.168319945,0.387345197,0,-0.99069231,-0.136120339,1,-0.99069231,-0.136120339,0,0.003,0,0,0.223
2-Oct-22,1,7.748117728,307.2896636,189.9227382,107.0445192,52.65500648,20.75420017,5.342100216,0.41870663,0,-0.999869958,-0.016126573,1,-0.999869958,-0.016126573,0,0,0,0,0.195
9-Oct-22,1,7.767282683,309.9152554,191.8287587,108.3459581,53.46685363,21.19144524,5.519732942,0.451716745,0,-0.994566757,0.104100749,1,-0.994566757,0.104100749,0,0.002,0,0,0.161
16-Oct-22,1,7.786447639,312.5557607,193.747489,109.6579031,54.28700301,21.63478877,5.701260357,0.486417777,0,-0.974859511,0.222820408,1,-0.974859511,0.222820408,0,0.003,0,0,0.134
23-Oct-22,1,7.805612594,315.2112219,195.6789713,110.9803963,55.11549687,22.084273,5.886724698,0.52285196,0,-0.941033635,0.338313018,1,-0.941033635,0.338313018,0,0.003,0,0,0.164
30-Oct-22,1,7.82477755,317.881681,197.6232478,112.31348,55.95237743,22.53994017,6.0761682,0.561061532,0,-0.89357902,0.448905931,1,-0.89357902,0.448905931,0,0.002,0,0,0.122
6-Nov-22,1,7.843942505,320.5671804,199.5803609,113.6571964,56.79768693,23.0018325,6.269633097,0.601088725,0,-0.833182939,0.55299746,1,-0.833182939,0.55299746,0,0.006,0,0,0.18
13-Nov-22,1,7.863107461,323.2677623,201.5503527,115.0115878,57.65146761,23.46999224,6.467161625,0.642975777,0,-0.760720091,0.649080074,1,-0.760720091,0.649080074,0,0,0,0,0.209
20-Nov-22,1,7.882272416,325.983469,203.5332654,116.3766963,58.5137617,23.94446161,6.668796019,0.686764922,0,-0.677239938,0.735762235,1,-0.677239938,0.735762235,0,0,0,0,0.546
27-Nov-22,1,7.901437372,328.7143426,205.5291413,117.7525643,59.38461144,24.42528286,6.874578514,0.732498394,0,-0.5839515,0.811788547,0,0,0,0,0.008,0,0,0.593
4-Dec-22,1,7.920602327,331.4604254,207.5380226,119.1392339,60.26405907,24.91249823,7.084551347,0.780218431,0,-0.482205848,0.876057943,0,0,0,0,0,0,0,0.63
11-Dec-22,1,7.939767283,334.2217596,209.5599517,120.5367474,61.15214681,25.40614993,7.298756751,0.829967266,0,-0.373476537,0.927639626,0,0,0,0,0,0,0,0.518
18-Dec-22,1,7.958932238,336.9983875,211.5949706,121.945147,62.0489169,25.90628022,7.517236961,0.881787134,0,-0.259338266,0.965786552,0,0,0,0,0,0,0,0.546
25-Dec-22,1,7.978097194,339.7903514,213.6431216,123.364475,62.95441159,26.41293132,7.740034214,0.935720272,0,-0.141444068,0.989946249,0,0,0,0,0.008,0,0,0.593
1-Jan-23,1,7.997262149,342.5976933,215.704447,124.7947736,63.86867309,26.92614547,7.967190745,0.991808915,0,-0.021501373,0.999768819,0,0,0,0,0,0,0,0.63
8-Jan-23,1,8.016427105,345.4204557,217.778989,126.236085,64.79174366,27.44596491,8.198748788,1.050095296,4.4328504242772e-06,0.103031379,0.994678106,0,0,0,0,0.005,0,0,0.645
15-Jan-23,1,8.03559206,348.2586806,219.8667899,127.6884515,65.72366552,27.97243187,8.434750579,1.110621653,4.50878351021982e-05,0.221772158,0.975098513,0,0,0,0,0,0,0,0.47
22-Jan-23,1,8.054757016,351.1124104,221.9678918,129.1519153,66.6644809,28.50558858,8.675238353,1.173430219,0.00016418,0.337301069,0.941396829,0,0,0,0,0.004,0,0,0.326
29-Jan-23,1,8.073921971,353.9816873,224.0823371,130.6265187,67.61423206,29.04547729,8.920254346,1.238563231,0.000403943,0.447944939,0.894061145,0,0,0,0,0.003,0,0,0.287
5-Feb-23,1,8.093086927,356.8665535,226.2101679,132.1123038,68.57296121,29.59214022,9.169840791,1.306062923,0.000806615,0.552101343,0.833777013,0,0,0,0,0.002,0,0,0.196
12-Feb-23,1,8.112251882,359.7670513,228.3514264,133.6093129,69.5407106,30.14561962,9.424039926,1.37597153,0.001414428,0.64826181,0.761417511,0,0,0,0,0,0,0,0.163
19-Feb-23,1,8.131416838,362.6832229,230.506155,135.1175882,70.51752246,30.70595771,9.682893984,1.448331289,0.002269619,0.735033674,0.678030602,0,0,0,0,0.008,0,0,0.154
26-Feb-23,1,8.150581793,365.6151104,232.6743959,136.6371721,71.50343902,31.27319673,9.946445202,1.523184433,0.003414424,0.811160242,0.584823958,0,0,0,0,0.003,0,0,0.131
5-Mar-23,1,8.169746749,368.5627563,234.8561912,138.1681066,72.49850252,31.84737892,10.21473581,1.600573198,0.004891076,0.875538993,0.483147464,0,0,0,0,0.009,0,0,0.149
12-Mar-23,1,8.188911704,371.5262026,237.0515833,139.7104341,73.5027552,32.42854652,10.48780806,1.68053982,0.006741811,0.927237546,0.374473674,0,0,0,0,0.003,0,0,0.117
19-Mar-23,1,8.20807666,374.5054917,239.2606143,141.2641968,74.51623929,33.01674175,10.76570416,1.763126534,0.009008865,0.965507166,0.260376483,0,0,0,0,0.006,0,0,0.171
26-Mar-23,1,8.227241615,377.5006657,241.4833265,142.8294369,75.53899703,33.61200685,11.04846637,1.848375575,0.011734473,0.989793603,0.142508328,0,0,0,0,0.008,0,0,0.175
2-Apr-23,1,8.246406571,380.5117669,243.7197621,144.4061967,76.57107065,34.21438407,11.33613691,1.936329177,0.01496087,0.999745124,0.022576263,0,0,0,0,0.008,0,0,0.172
9-Apr-23,1,8.265571526,383.5388376,245.9699634,145.9945183,77.61250238,34.82391562,11.62875802,2.027029577,0.018730291,0.995217603,-0.097682768,1,0.995217603,-0.097682768,0,0.033,0,0,0.228
16-Apr-23,1,8.284736482,386.58192,248.2339726,147.5944441,78.66333447,35.44064376,11.92637194,2.120519009,0.023084972,0.976276611,-0.216527085,1,0.976276611,-0.216527085,0,0.006,0,0,0.253
23-Apr-23,1,8.303901437,389.6410562,250.5118319,149.2060162,79.72360914,36.06461071,12.2290209,2.21683971,0.028067147,0.943196466,-0.332235499,1,0.943196466,-0.332235499,0,0.022,0,0,0.29
30-Apr-23,1,8.323066393,392.7162886,252.8035836,150.8292769,80.79336864,36.69585871,12.53674713,2.316033913,0.033719051,0.896456258,-0.443132234,1,0.896456258,-0.443132234,0,0.008,0,0,0.274
7-May-23,1,8.342231348,395.8076593,255.1092699,152.4642685,81.87265519,37.33442999,12.84959288,2.418143854,0.040082921,0.836732914,-0.547611204,1,0.836732914,-0.547611204,0,0.022,0,0,0.324
14-May-23,1,8.361396304,398.9152107,257.428933,154.1110331,82.96151104,37.98036679,13.16760037,2.523211768,0.047200991,0.76489139,-0.644159267,1,0.76489139,-0.644159267,0,0.028,0,0,0.352
21-May-23,1,8.380561259,402.0389849,259.7626152,155.769613,84.05997841,38.63371135,13.49081184,2.631279892,0.055115497,0.681972149,-0.731378143,1,0.681972149,-0.731378143,0,0.018,0,0,0.355
28-May-23,1,8.399726215,405.1790243,262.1103587,157.4400505,85.16809955,39.2945059,13.81926953,2.742390459,0.063868673,0.589176087,-0.808004665,1,0.589176087,-0.808004665,0,0.028,0,0,0.385
4-Jun-23,1,8.41889117,408.3353709,264.4722058,159.1223877,86.28591669,39.96279267,14.15301568,2.856585704,0.073502755,0.487847145,-0.872929071,1,0.487847145,-0.872929071,0,0.055,0,0,0.453
11-Jun-23,1,8.438056126,411.5080671,266.8481986,160.816667,87.41347206,40.6386139,14.49209251,2.973907865,0.084059978,0.379452844,-0.925211078,1,0.379452844,-0.925211078,0,0.05,0,0,0.42
18-Jun-23,1,8.457221081,414.697155,269.2383795,162.5229304,88.5508079,41.32201183,14.83654226,3.094399174,0.095582578,0.265563028,-0.964093501,1,0.265563028,-0.964093501,0,0.038,0,0,0.347
25-Jun-23,1,8.476386037,417.902677,271.6427906,164.2412204,89.69796644,42.01302869,15.18640717,3.218101869,0.108112789,0.147827133,-0.989013215,1,0.147827133,-0.989013215,0,0.046,0,0,0.267
2-Jul-23,1,8.495550992,421.1246752,274.0614742,165.9715791,90.85498992,42.71170672,15.54172947,3.345058183,0.121692847,0.027950298,-0.999609314,1,0.027950298,-0.999609314,0,0.025,0,0,0.323
9-Jul-23,1,8.514715948,424.363192,276.4944725,167.7140487,92.02192057,43.41808815,15.9025514,3.475310352,0.136364987,-0.092331334,-0.995728339,1,-0.092331334,-0.995728339,0,0.071,0,0,0.247
16-Jul-23,1,8.533880903,427.6182695,278.9418278,169.4686715,93.19880064,44.13221521,16.2689152,3.608900611,0.152171443,-0.211275756,-0.977426496,1,-0.211275756,-0.977426496,0,0.074,0,0,0.211
23-Jul-23,1,8.553045859,430.8899499,281.4035822,171.2354897,94.38567235,44.85413015,16.64086309,3.745871196,0.169154453,-0.327160327,-0.944968846,1,-0.327160327,-0.944968846,0,0.052,0,0,0.17
30-Jul-23,1,8.572210815,434.1782755,283.8797781,173.0145456,95.58257794,45.58387519,17.01843732,3.886264342,0.18735625,-0.438306723,-0.898825465,1,-0.438306723,-0.898825465,0,0.065,0,0,0.112
6-Aug-23,1,8.59137577,437.4832886,286.3704577,174.8058813,96.78955965,46.32149257,17.40168012,4.030122284,0.206819069,-0.54310524,-0.839664635,1,-0.54310524,-0.839664635,0,0.03,0,0,0.116
13-Aug-23,1,8.610540726,440.8050313,288.8756631,176.6095392,98.0066597,47.06702453,17.79063372,4.177487256,0.227585147,-0.640038108,-0.768343166,1,-0.640038108,-0.768343166,0,0.036,0,0,0.084
20-Aug-23,1,8.629705681,444.143546,291.3954367,178.4255615,99.23392034,47.82051331,18.18534036,4.328401495,0.249696718,-0.727701476,-0.685893988,1,-0.727701476,-0.685893988,0,0.013,0,0,0.113
27-Aug-23,1,8.648870637,447.4988748,293.9298206,180.2539903,100.4713838,48.58200113,18.58584227,4.482907236,0.273196018,-0.804825737,-0.59351119,1,-0.804825737,-0.59351119,0,0.014,0,0,0.076
3-Sep-23,1,8.668035592,450.8710599,296.4788572,182.094868,101.7190923,49.35153024,18.9921817,4.641046714,0.298125281,-0.870293922,-0.492532729,1,-0.870293922,-0.492532729,0,0.007,0,0,0.074
10-Sep-23,1,8.687200548,454.2601437,299.0425885,183.9482367,102.9770881,50.12914286,19.40440087,4.802862163,0.324526743,-0.923157873,-0.384421047,1,-0.923157873,-0.384421047,0,0.017,0,0,0.101
17-Sep-23,1,8.706365503,457.6661683,301.621057,185.8141387,104.2454135,50.91488124,19.82254202,4.96839582,0.352442639,-0.962651975,-0.270741898,1,-0.962651975,-0.270741898,0,0.025,0,0,0.065
24-Sep-23,1,8.725530459,461.089176,304.2143048,187.6926163,105.5241106,51.7087876,20.24664739,5.137689919,0.381915204,-0.988204245,-0.153141667,1,-0.988204245,-0.153141667,0,0.006,0,0,0.104
1-Oct-23,1,8.744695414,464.529209,306.8223741,189.5837116,106.8132217,52.51090419,20.6767592,5.310786696,0.412986674,-0.999444617,-0.033323526,1,-0.999444617,-0.033323526,0,0.032,0,0,0.095
8-Oct-23,1,8.76386037,467.9863096,309.4453072,191.487467,108.112789,53.32127324,21.1129197,5.487728385,0.445699284,-0.9962103,0.086977231,1,-0.9962103,0.086977231,0,0.016,0,0,0.084
15-Oct-23,1,8.783025325,471.4605199,312.0831463,193.4039245,109.4228548,54.13993698,21.55517113,5.668557223,0.480095268,-0.978548135,0.20601832,1,-0.978548135,0.20601832,0,0.026,0,0,0.108
22-Oct-23,1,8.802190281,474.9518823,314.7359336,195.3331266,110.7434613,54.96693766,22.00355571,5.853315444,0.516216863,-0.946713918,0.322075701,1,-0.946713918,0.322075701,0,0.026,0,0,0.116
29-Oct-23,1,8.821355236,478.4604389,317.4037114,197.2751154,112.0746507,55.80231749,22.45811568,6.042045283,0.554106303,-0.901168697,0.433468545,1,-0.901168697,0.433468545,0,0.021,0,0,0.134
5-Nov-23,1,8.840520192,481.986232,320.086522,199.2299331,113.4164653,56.64611873,22.91889328,6.234788976,0.593805824,-0.84257209,0.53858358,1,-0.84257209,0.53858358,0,0.031,0,0,0.161
12-Nov-23,1,8.859685147,485.5293039,322.7844075,201.197622,114.7689474,57.4983836,23.38593074,6.431588758,0.63535766,-0.771772737,0.635898453,1,-0.771772737,0.635898453,0,0.016,0,0,0.234
19-Nov-23,1,8.878850103,489.0896967,325.4974102,203.1782243,116.132139,58.35915435,23.8592703,6.632486865,0.678804048,-0.689796005,0.724003779,1,-0.689796005,0.724003779,0,0.018,0,0,0.278
26-Nov-23,1,8.898015058,492.6674527,328.2255723,205.1717823,117.5060826,59.22847319,24.33895419,6.83752553,0.724187222,-0.597829141,0.801623551,0,0,0,0,0.01,0,0,0.256
3-Dec-23,1,8.917180014,496.2626142,330.9689361,207.1783381,118.8908202,60.10638238,24.82502465,7.04674699,0.771549417,-0.497204078,0.867633623,0,0,0,0,0.018,0,0,0.227
10-Dec-23,1,8.936344969,499.8752233,333.7275438,209.1979341,120.2863942,60.99292415,25.31752391,7.26019348,0.820932869,-0.389378142,0.92107799,0,0,0,0,0.011,0,0,0.271
17-Dec-23,1,8.955509925,503.5053223,336.5014376,211.2306124,121.6928468,61.88814073,25.81649421,7.477907235,0.872379812,-0.275912945,0.961182629,0,0,0,0,0.021,0,0,0.211
24-Dec-23,1,8.97467488,507.1529534,339.2906597,213.2764153,123.1102202,62.79207435,26.32197778,7.69993049,0.925932483,-0.158451775,0.987366718,0,0,0,0,0.026,0,0,0.186
31-Dec-23,1,8.993839836,510.818159,342.0952525,215.3353851,124.5385567,63.70476725,26.83401686,7.926305481,0.981633116,-0.03869579,0.999251037,0,0,0,0,0.02,0,0,0.215
7-Jan-24,1,9.013004791,514.5009613,344.9152405,217.4075485,125.9778852,64.62625068,27.35264489,8.157067844,1.039519548,0.085906104,0.996303238,0,0,0,0,0.025,0,0,0.266
14-Jan-24,1,9.032169747,518.2011625,347.7504525,219.492761,127.4280879,65.55643339,27.87779732,8.392179732,1.099580626,0.204966114,0.97876907,0,0,0,0,0.024,0,0,0.261
21-Jan-24,1,9.051334702,521.9184266,350.6005946,221.5907707,128.888955,66.49514761,28.40934839,8.631557377,1.161774582,0.321057654,0.947059651,0,0,0,0,0.012,0,0,0.221
28-Jan-24,1,9.070499658,525.652416,353.4653711,223.7013243,130.3602754,67.4422244,28.94717138,8.875116309,1.226059181,0.432499402,0.90163422,0,0,0,0,0.008,0,0,0.224
4-Feb-24,1,9.089664613,529.4027925,356.3444866,225.8241683,131.8418377,68.39749483,29.4911396,9.122772056,1.292392188,0.537677377,0.843150662,0,0,0,0,0.016,0,0,0.222
11-Feb-24,1,9.108829569,533.1692185,359.2376452,227.9590494,133.333431,69.36078995,30.04112634,9.374440148,1.360731368,0.635068313,0.772455978,0,0,0,0,0.017,0,0,0.194
18-Feb-24,1,9.127994524,536.951356,362.1445515,230.1057141,134.8348439,70.33194081,30.59700489,9.630036115,1.431034485,0.723261725,0.69057402,0,0,0,0,0.028,0,0,0.162
25-Feb-24,1,9.14715948,540.748867,365.0649096,232.263909,136.3458653,71.31077849,31.15864855,9.889475487,1.503259304,0.800980331,0.598690663,0,0,0,0,0.005,0,0,0.174
3-Mar-24,1,9.166324435,544.5614139,367.998424,234.4333807,137.8662841,72.29713403,31.72593061,10.15267379,1.57736359,0.867098552,0.498136628,0,0,0,0,0.008,0,0,0.122
10-Mar-24,1,9.185489391,548.3886585,370.944799,236.6138758,139.395889,73.2908385,32.29872436,10.41954656,1.653305109,0.920658817,0.390368215,0,0,0,0,0.005,0,0,0.169
17-Mar-24,1,9.204654346,552.2302632,373.903739,238.8051409,140.9344689,74.29172296,32.8769031,10.69000932,1.731041623,0.960885426,0.276946202,0,0,0,0,0.016,0,0,0.162
24-Mar-24,1,9.223819302,556.0858899,376.8749483,241.0069226,142.4818126,75.29961846,33.46034013,10.96397761,1.810530899,0.987195787,0.159513252,0,0,0,0,0.019,0,0,0.125
31-Mar-24,1,9.242984257,559.9552008,379.8581313,243.2189674,144.0377089,76.31435607,34.04890874,11.24136695,1.891730702,0.999208856,0.039770114,0,0,0,0,0.011,0,0,0.139
7-Apr-24,1,9.262149213,563.8378581,382.8529924,245.4410219,145.6019467,77.33576684,34.64248222,11.52209287,1.974598795,0.99675065,-0.080549004,0,0,0,0,0.032,0,0,0.128
14-Apr-24,1,9.281314168,567.7335238,385.8592358,247.6728328,147.1743148,78.36368184,35.24093386,11.8060709,2.059092944,0.97985677,-0.199701553,1,0.97985677,-0.199701553,0,0.013,0,0,0.126
21-Apr-24,1,9.300479124,571.6418601,388.876566,249.9141466,148.754602,79.39793211,35.84413697,12.09321657,2.145170913,0.948771886,-0.315961877,1,0.948771886,-0.315961877,0,0.024,0,0,0.137
28-Apr-24,1,9.319644079,575.5625291,391.9046873,252.16471,150.3425971,80.43834873,36.45196483,12.38344541,2.232790468,0.903946193,-0.427646209,1,0.903946193,-0.427646209,0,0.013,0,0,0.125
5-May-24,1,9.338809035,579.4951928,394.943304,254.4242694,151.938089,81.48476275,37.06429075,12.67667295,2.321909373,0.846028888,-0.533137056,1,0.846028888,-0.533137056,0,0.029,0,0,0.164
12-May-24,1,9.35797399,583.4395135,397.9921205,256.6925715,153.5408664,82.53700522,37.680988,12.97281473,2.412485392,0.775858773,-0.630906621,1,0.775858773,-0.630906621,0,0.015,0,0,0.201
19-May-24,1,9.377138946,587.3951533,401.0508412,258.9693629,155.1507182,83.59490722,38.3019299,13.27178626,2.504476292,0.694452102,-0.719538934,1,0.694452102,-0.719538934,0,0.036,0,0,0.255
26-May-24,1,9.396303901,591.3617741,404.1191704,261.2543901,156.7674333,84.65829979,38.92698973,13.57350308,2.597839836,0.602987867,-0.797750357,1,0.602987867,-0.797750357,0,0.023,0,0,0.258
2-Jun-24,1,9.415468857,595.3390383,407.1968125,263.5473999,158.3908004,85.727014,39.55604079,13.87788072,2.692533789,0.50279072,-0.864408174,1,0.50279072,-0.864408174,0,0.03,0,0,0.353
9-Jun-24,1,9.434633812,599.3266078,410.2834718,265.8481386,160.0206083,86.80088091,40.18895637,14.18483471,2.788515916,0.395311789,-0.918546999,1,0.395311789,-0.918546999,0,0.041,0,0,0.403
16-Jun-24,1,9.453798768,603.3241449,413.3788526,268.156353,161.656646,87.87973157,40.82560977,14.49428057,2.885743982,0.282107663,-0.959382753,1,0.282107663,-0.959382753,0,0.041,0,0,0.362
23-Jun-24,1,9.472963723,607.3313116,416.4826594,270.4717896,163.2987022,88.96339705,41.46587428,14.80613384,2.984175751,0.164817847,-0.986324023,1,0.164817847,-0.986324023,0,0.047,0,0,0.412
30-Jun-24,1,9.492128679,611.34777,419.5945965,272.794195,164.9465657,90.0517084,42.10962319,15.12031005,3.083768989,0.045141018,-0.998980625,1,0.045141018,-0.998980625,0,0.096,0,0,0.371
7-Jul-24,1,9.511293634,615.3731823,422.7143682,275.1233159,166.6000254,91.14449668,42.7567298,15.43672473,3.18448146,-0.075189576,-0.997169257,1,-0.075189576,-0.997169257,0,0.087,0,0,0.362
14-Jul-24,1,9.53045859,619.4072106,425.8416788,277.4588987,168.25887,92.24159296,43.40706741,15.7552934,3.286270929,-0.19443122,-0.980916154,1,-0.19443122,-0.980916154,0,0.137,0,0,0.288
21-Jul-24,1,9.549623546,623.4495169,428.9762329,279.8006901,169.9228885,93.34282828,44.0605093,16.07593159,3.389095161,-0.310856968,-0.950456704,1,-0.310856968,-0.950456704,0,0.127,0,0,0.246
28-Jul-24,1,9.568788501,627.4997635,432.1177346,282.1484366,171.5918697,94.44803372,44.71692878,16.39855485,3.49291192,-0.422780658,-0.906232043,1,-0.422780658,-0.906232043,0,0.114,0,0,0.196
4-Aug-24,1,9.587953457,631.5576125,435.2658883,284.5018849,173.2656022,95.55704032,45.37619913,16.72307868,3.597678971,-0.528581328,-0.848882665,1,-0.528581328,-0.848882665,0,0.115,0,0,0.197
11-Aug-24,1,9.607118412,635.6227259,438.4203985,286.8607816,174.9438751,96.66967915,46.03819366,17.04941863,3.70335408,-0.626726697,-0.779239147,1,-0.626726697,-0.779239147,0,0.127,0,0,0.217
18-Aug-24,1,9.626283368,639.6947658,441.5809694,289.2248731,176.6264771,97.78578127,46.70278565,17.37749023,3.80989501,-0.715795349,-0.698310116,1,-0.715795349,-0.698310116,0,0.182,0,0,0.176
25-Aug-24,1,9.645448323,643.7733945,444.7473054,291.5939062,178.313197,98.90517774,47.3698484,17.70720899,3.917259528,-0.794497329,-0.607267646,1,-0.794497329,-0.607267646,0,0.097,0,0,0.178
1-Sep-24,1,9.664613279,647.858274,447.9191109,293.9676274,180.0038237,100.0276996,48.0392552,18.03849046,4.025405396,-0.861692816,-0.507430281,1,-0.861692816,-0.507430281,0,0.074,0,0,0.122
8-Sep-24,1,9.683778234,651.9490664,451.0960902,296.3457834,181.698146,101.153178,48.71087936,18.37125017,4.134290381,-0.916408637,-0.400243939,1,-0.916408637,-0.400243939,0,0.037,0,0,0.074
15-Sep-24,1,9.70294319,656.0454338,454.2779476,298.7281205,183.3959526,102.2814438,49.38459415,18.70540363,4.243872247,-0.957852355,-0.287260971,1,-0.957852355,-0.287260971,0,0.039,0,0,0.085
22-Sep-24,1,9.722108145,660.1470384,457.4643876,301.1143856,185.0970325,103.4123283,50.06027289,19.04086639,4.354108759,-0.985423754,-0.170117678,1,-0.985423754,-0.170117678,0,0.015,0,0,0.065
29-Sep-24,1,9.741273101,664.2535424,460.6551144,303.5043251,186.8011744,104.5456623,50.73778885,19.37755397,4.464957681,-0.998723524,-0.050510617,1,-0.998723524,-0.050510617,0,0.022,0,0,0.111
6-Oct-24,1,9.760438056,668.3646077,463.8498325,305.8976857,188.5081673,105.6812771,51.41701535,19.71538189,4.576376779,-0.997559048,0.069827976,1,-0.997559048,0.069827976,0,0.029,0,0,0.077
13-Oct-24,1,9.779603012,672.4798965,467.0482462,308.2942139,190.2177998,106.8190037,52.09782566,20.0542657,4.688323817,-0.98194719,0.189155269,1,-0.98194719,0.189155269,0,0.024,0,0,0.071
20-Oct-24,1,9.798767967,676.599071,470.2500598,310.6936564,191.9298608,107.9586731,52.78009309,20.39412092,4.800756559,-0.952114054,0.305743076,1,-0.952114054,0.305743076,0,0.012,0,0,0.08
27-Oct-24,1,9.817932923,680.7217932,473.4549777,313.0957597,193.6441392,109.1001163,53.46369092,20.73486308,4.913632772,-0.908491704,0.417902889,1,-0.908491704,0.417902889,0,0.005,0,0,0.082
3-Nov-24,1,9.837097878,684.8477253,476.6627042,315.5002703,195.3604238,110.2431645,54.14849246,21.07640771,5.026910219,-0.851711911,0.524010325,1,-0.851711911,0.524010325,0,0.007,0,0,0.057
10-Nov-24,1,9.856262834,688.9765294,479.8729437,317.906935,197.0785033,111.3876487,54.834371,21.41867033,5.140546666,-0.782597002,0.62252866,1,-0.782597002,0.62252866,0,0.022,0,0,0.118
17-Nov-24,1,9.875427789,693.1078676,483.0854006,320.3155003,198.7981667,112.5333999,55.52119983,21.76156649,5.254499876,-0.702147949,0.712031079,1,-0.702147949,0.712031079,0,0.003,0,0,0.112
24-Nov-24,1,9.894592745,697.241402,486.2997791,322.7257127,200.5192028,113.6802493,56.20885225,22.1050117,5.368727615,-0.611529876,0.791221341,0,0,0,0,0.011,0,0,0.101
1-Dec-24,1,9.9137577,701.3767948,489.5157838,325.1373189,202.2414003,114.8280278,56.89720155,22.4489215,5.483187649,-0.512055178,0.858952557,0,0,0,0,0.007,0,0,0.128
8-Dec-24,1,9.932922656,705.5137081,492.7331188,327.5500655,203.964548,115.9765666,57.58612102,22.79321141,5.59783774,-0.405164522,0.914243791,0,0,0,0,0,0,0,0.104
15-Dec-24,1,9.952087611,709.6518039,495.9514886,329.9636989,205.6884349,117.1256966,58.27548397,23.13779698,5.712635655,-0.292405977,0.956294277,0,0,0,0,0.008,0,0,0.133
22-Dec-24,1,9.971252567,713.7907445,499.1705975,332.377966,207.4128498,118.275249,58.96516367,23.48259372,5.827539158,-0.175412594,0.984495009,0,0,0,0,0,0,0,0.11
29-Dec-24,1,9.990417522,717.9301918,502.3901499,334.7926131,209.1375814,119.4250549,59.65503344,23.82751716,5.942506013,-0.055878757,0.998437562,0,0,0,0,0.012,0,0,0.155
5-Jan-25,1,10.00958248,722.0698152,505.6098563,337.2073922,210.862423,120.5749487,60.3449692,24.1724846,6.057494867,0.068755408,0.997633547,0,0,0,0,0.026,0,0,0.139
12-Jan-25,1,10.02874743,726.2094456,508.8295688,339.6221766,212.587269,121.724846,61.0349076,24.5174538,6.1724846,0.17117706,0.985240283,0,0,0,0,0.008,0,0,0.185
19-Jan-25,1,10.04791239,730.349076,512.0492813,342.036961,214.312115,122.8747433,61.724846,24.862423,6.287474333,0.304719233,0.952442223,0,0,0,0,0.013,0,0,0.13
26-Jan-25,1,10.06707734,734.4887064,515.2689938,344.4517454,216.036961,124.0246407,62.41478439,25.2073922,6.402464066,0.401228985,0.915977784,0,0,0,0,0.02,0,0,0.121
2-Feb-25,1,10.0862423,738.6283368,518.4887064,346.8665298,217.761807,125.174538,63.10472279,25.5523614,6.517453799,0.523094303,0.852274809,0,0,0,0,0.018,0,0,0.095
9-Feb-25,1,10.10540726,742.7679671,521.7084189,349.2813142,219.486653,126.3244353,63.79466119,25.8973306,6.632443532,0.6081215,0.793843965,0,0,0,0,0.007,0,0,0.096
16-Feb-25,1,10.12457221,746.9075975,524.9281314,351.6960986,221.211499,127.4743326,64.48459959,26.24229979,6.747433265,0.711275752,0.702913085,0,0,0,0,0.018,0,0,0.079
23-Feb-25,1,10.14373717,751.0472279,528.1478439,354.110883,222.936345,128.62423,65.17453799,26.58726899,6.862422998,0.779912522,0.625888534,0,0,0,0,0.037,0,0,0.074
2-Mar-25,1,10.16290212,755.1868583,531.3675565,356.5256674,224.661191,129.7741273,65.86447639,26.93223819,6.977412731,0.858401523,0.512978386,0,0,0,0,0.019,0,0,0.056
9-Mar-25,1,10.18206708,759.3264887,534.587269,358.9404517,226.386037,130.9240246,66.55441478,27.27720739,7.092402464,0.906686072,0.421806077,0,0,0,0,0.028,0,0,0.079
16-Mar-25,1,10.20123203,763.4661191,537.8069815,361.3552361,228.110883,132.073922,67.24435318,27.62217659,7.207392197,0.955979344,0.293433969,0,0,0,0,0.019,0,0,0.06
23-Mar-25,1,10.22039699,767.6057495,541.026694,363.7700205,229.835729,133.2238193,67.93429158,27.96714579,7.32238193,0.98112463,0.193376474,0,0,0,0,0.023,0,0,0.051
30-Mar-25,1,10.23956194,771.7453799,544.2464066,366.1848049,231.5605749,134.3737166,68.62422998,28.31211499,7.437371663,0.998376906,0.056952196,0,0,0,0,0.036,0,0,0.059
6-Apr-25,1,10.2587269,775.8850103,547.4661191,368.5995893,233.2854209,135.523614,69.31416838,28.65708419,7.552361396,0.998931514,-0.046215047,0,0,0,0,0.038,0,0,0.062
13-Apr-25,1,10.27789185,780.0246407,550.6858316,371.0143737,235.0102669,136.6735113,70.00410678,29.00205339,7.667351129,0.983146974,-0.182816925,1,0.983146974,-0.182816925,0,0.057,0,0,0.057
20-Apr-25,1,10.29705681,784.164271,553.9055441,373.4291581,236.7351129,137.8234086,70.69404517,29.34702259,7.782340862,0.95907889,-0.283138981,1,0.95907889,-0.283138981,0,0.06,0,0,0.048
27-Apr-25,1,10.31622177,788.3039014,557.1252567,375.8439425,238.4599589,138.973306,71.38398357,29.69199179,7.897330595,0.911168635,-0.412033637,1,0.911168635,-0.412033637,0,0.047,0,0,0.058
4-May-25,1,10.33538672,792.4435318,560.3449692,378.2587269,240.1848049,140.1232033,72.07392197,30.03696099,8.012320329,0.863867099,-0.503719799,1,0.863867099,-0.503719799,0,0.045,0,0,0.034
11-May-25,1,10.35455168,796.5831622,563.5646817,380.6735113,241.9096509,141.2731006,72.76386037,30.38193018,8.127310062,0.786596566,-0.61746728,1,0.786596566,-0.61746728,0,0.023,0,0,0.042
18-May-25,1,10.37371663,800.7227926,566.7843943,383.0882957,243.6344969,142.4229979,73.45379877,30.72689938,8.242299795,0.718791877,-0.695225314,1,0.718791877,-0.695225314,0,0.035,0,0,0.047
25-May-25,1,10.39288159,804.862423,570.0041068,385.5030801,245.3593429,143.5728953,74.14373717,31.07186858,8.357289528,0.616621213,-0.787259982,1,0.616621213,-0.787259982,0,0.038,0,0,0.078
1-Jun-25,1,10.41204654,809.0020534,573.2238193,387.9178645,247.0841889,144.7227926,74.83367556,31.41683778,8.472279261,0.532227139,-0.846601602,1,0.532227139,-0.846601602,0,0.061,0,0,0.093
8-Jun-25,1,10.4312115,813.1416838,576.4435318,390.3326489,248.8090349,145.8726899,75.52361396,31.76180698,8.587268994,0.411053755,-0.911611107,1,0.411053755,-0.911611107,0,0.053,0,0,0.105
15-Jun-25,1,10.45037645,817.2813142,579.6632444,392.7474333,250.5338809,147.0225873,76.21355236,32.10677618,8.702258727,0.314941621,-0.949111045,1,0.314941621,-0.949111045,0,0.088,0,0,0.178
22-Jun-25,1,10.46954141,821.4209446,582.8829569,395.1622177,252.2587269,148.1724846,76.90349076,32.45174538,8.81724846,0.181759788,-0.983342961,1,0.181759788,-0.983342961,0,0.056,0,0,0.194
29-Jun-25,1,10.48870637,825.5605749,586.1026694,397.5770021,253.9835729,149.3223819,77.59342916,32.79671458,8.932238193,0.0794773,-0.996836676,1,0.0794773,-0.996836676,0,0.136,0,0,0.194
6-Jul-25,1,10.50787132,829.7002053,589.3223819,399.9917864,255.7084189,150.4722793,78.28336756,33.14168378,9.047227926,-0.058025569,-0.998315097,1,-0.058025569,-0.998315097,0,0.089,0,0,0.195
13-Jul-25,1,10.52703628,833.8398357,592.5420945,402.4065708,257.4332649,151.6221766,78.97330595,33.48665298,9.162217659,-0.160574545,-0.987023716,1,-0.160574545,-0.987023716,0,0.139,0,0,0.152
20-Jul-25,1,10.54620123,837.9794661,595.761807,404.8213552,259.1581109,152.7720739,79.66324435,33.83162218,9.277207392,-0.294461622,-0.955663305,1,-0.294461622,-0.955663305,0,0.191,0,0,0.146
27-Jul-25,1,10.56536619,842.1190965,598.9815195,407.2361396,260.8829569,153.9219713,80.35318275,34.17659138,9.392197125,-0.391357837,-0.92023858,1,-0.391357837,-0.92023858,0,0.168,0,0,0.113
3-Aug-25,1,10.58453114,846.2587269,602.201232,409.650924,262.6078029,155.0718686,81.04312115,34.52156057,9.507186858,-0.513901001,-0.857849498,1,-0.513901001,-0.857849498,0,0.161,0,0,0.143
10-Aug-25,1,10.6036961,850.3983573,605.4209446,412.0657084,264.3326489,156.2217659,81.73305955,34.86652977,9.622176591,-0.599551492,-0.800336185,1,-0.599551492,-0.800336185,0,0.122,0,0,0.096
17-Aug-25,1,10.62286105,854.5379877,608.6406571,414.4804928,266.0574949,157.3716632,82.42299795,35.21149897,9.737166324,-0.703677407,-0.710519603,1,-0.703677407,-0.710519603,0,0.121,0,0,0.082
24-Aug-25,1,10.64202601,858.6776181,611.8603696,416.8952772,267.7823409,158.5215606,83.11293634,35.55646817,9.852156057,-0.773138326,-0.634237439,1,-0.773138326,-0.634237439,0,0.11,0,0,0.066
31-Aug-25,1,10.66119097,862.8172485,615.0800821,419.3100616,269.5071869,159.6714579,83.80287474,35.90143737,9.967145791,-0.852836722,-0.522177677,1,-0.852836722,-0.522177677,0,0.139,0,0,0.073
7-Sep-25,1,10.68035592,866.9568789,618.2997947,421.724846,271.2320329,160.8213552,84.49281314,36.24640657,10.08213552,-0.902098701,-0.431529759,1,-0.902098701,-0.431529759,0,0.166,0,0,0.07
14-Sep-25,1,10.69952088,871.0965092,621.5195072,424.1396304,272.9568789,161.9712526,85.18275154,36.59137577,10.19712526,-0.952769292,-0.303695038,1,-0.952769292,-0.303695038,0,0.131,0,0,0.075
21-Sep-25,1,10.71868583,875.2361396,624.7392197,426.5544148,274.6817248,163.1211499,85.87268994,36.93634497,10.31211499,-0.978988874,-0.203913671,1,-0.978988874,-0.203913671,0,0.118,0,0,0.058
28-Sep-25,1,10.73785079,879.37577,627.9589322,428.9691992,276.4065708,164.2710472,86.56262834,37.28131417,10.42710472,-0.997706893,-0.067682762,1,-0.997706893,-0.067682762,0,0.104,0,0,0.058
5-Oct-25,1,10.75701574,883.5154004,631.1786448,431.3839836,278.1314168,165.4209446,87.25256674,37.62628337,10.54209446,-0.999370651,0.035472556,1,-0.999370651,0.035472556,0,0.065,0,0,0.034
12-Oct-25,1,10.7761807,887.6550308,634.3983573,433.798768,279.8562628,166.5708419,87.94250513,37.97125257,10.65708419,-0.985055672,0.172236243,1,-0.985055672,0.172236243,0,0.054,0,0,0.042
19-Oct-25,1,10.79534565,891.7946612,637.6180698,436.2135524,281.5811088,167.7207392,88.63244353,38.31622177,10.77207392,-0.962067572,0.272811264,1,-0.962067572,0.272811264,0,0.055,0,0,0.047
26-Oct-25,1,10.81451061,895.9342916,640.8377823,438.6283368,283.3059548,168.8706366,89.32238193,38.66119097,10.88706366,-0.915545873,0.402213568,1,-0.915545873,0.402213568,0,0.037,0,0,0.034
2-Nov-25,1,10.83367556,900.073922,644.0574949,441.0431211,285.0308008,170.0205339,90.01232033,39.00616016,11.00205339,-0.869232816,0.494402984,1,-0.869232816,0.494402984,0,0.061,0,0,0.042
9-Nov-25,1,10.85284052,904.2135524,647.2772074,443.4579055,286.7556468,171.1704312,90.70225873,39.35112936,11.11704312,-0.793189684,0.608974651,1,-0.793189684,0.608974651,0,0.037,0,0,0.047
16-Nov-25,1,10.87200548,908.3531828,650.4969199,445.8726899,288.4804928,172.3203285,91.39219713,39.69609856,11.23203285,-0.726224915,0.687457179,1,-0.726224915,0.687457179,0,0.039,0,0,0.034
23-Nov-25,1,10.89117043,912.4928131,653.7166324,448.2874743,290.2053388,173.4702259,92.08213552,40.04106776,11.34702259,-0.625049649,0.780584997,0,0,0,0,0.036,0,0,0.042
30-Nov-25,1,10.91033539,916.6324435,656.936345,450.7022587,291.9301848,174.6201232,92.77207392,40.38603696,11.46201232,-0.541298452,0.840830533,0,0,0,0,0.06,0,0,0.047
